MSOA11CD,No. people in flood risk areas,% people in flood risk areas
E02000001,385,0.039604979
E02000012,412,0.036489239
E02000017,1284,0.138436658
E02000019,1014,0.110529758
E02000020,9815,0.734930738
E02000021,358,0.040026834
E02000022,3344,0.408652084
E02000023,5909,0.736415753
E02000026,219,0.033217048
E02000036,864,0.074194933
E02000041,1543,0.153777158
E02000047,581,0.046771856
E02000050,609,0.055313351
E02000053,1856,0.111237639
E02000057,489,0.059889773
E02000065,8601,0.960898224
E02000066,10182,1
E02000067,3228,0.308781328
E02000068,2020,0.246251371
E02000072,3059,0.234603881
E02000087,385,0.0479273
E02000092,397,0.058528675
E02000093,428,0.03870151
E02000098,335,0.04013418
E02000102,908,0.119836347
E02000104,706,0.097312198
E02000113,3137,0.325212523
E02000118,572,0.054763045
E02000137,240,0.028106336
E02000139,344,0.043043043
E02000144,1752,0.174780527
E02000150,795,0.091347811
E02000151,363,0.047469596
E02000153,728,0.092786133
E02000159,637,0.091522989
E02000196,563,0.069894475
E02000197,471,0.048848787
E02000202,339,0.039962277
E02000203,1116,0.137675796
E02000211,341,0.042265741
E02000217,1268,0.102332338
E02000220,342,0.025537634
E02000222,534,0.064044135
E02000224,1435,0.17733564
E02000230,2261,0.21294029
E02000233,1042,0.163374098
E02000235,805,0.115561298
E02000243,368,0.043741828
E02000249,420,0.056611403
E02000271,2635,0.382327336
E02000279,1382,0.105803093
E02000293,296,0.045884359
E02000299,517,0.050875812
E02000300,519,0.057253172
E02000301,2101,0.192628587
E02000304,331,0.040975489
E02000306,2002,0.216713574
E02000309,2512,0.202417405
E02000313,7470,1
E02000314,10616,0.66044544
E02000315,9649,1
E02000316,5733,0.378941106
E02000318,3461,0.328992395
E02000319,1487,0.127083155
E02000320,369,0.050341064
E02000321,603,0.078281189
E02000357,589,0.089882497
E02000362,2466,0.329151095
E02000376,4841,0.704350356
E02000377,3957,0.483386269
E02000378,2282,0.353032178
E02000379,6664,0.842690946
E02000380,5737,1
E02000381,4949,0.624400707
E02000382,5671,0.962328186
E02000383,811,0.091442102
E02000384,6889,0.924325775
E02000385,5378,0.916183986
E02000386,4332,0.538872994
E02000387,5980,1
E02000388,5563,0.640013806
E02000389,7918,0.93054413
E02000390,697,0.110354655
E02000391,7849,0.972373637
E02000392,7440,0.784561848
E02000393,3325,0.560897436
E02000394,9284,1
E02000395,6251,1
E02000396,7080,1
E02000411,290,0.026879229
E02000438,765,0.097044272
E02000440,645,0.066929542
E02000448,676,0.097378277
E02000451,536,0.08190709
E02000453,430,0.052083333
E02000471,295,0.038826007
E02000474,363,0.039192399
E02000476,531,0.051583447
E02000478,391,0.067297762
E02000491,847,0.085954942
E02000493,1789,0.262470657
E02000497,338,0.036639566
E02000498,589,0.095756788
E02000500,356,0.043219619
E02000502,395,0.045009116
E02000504,367,0.049268358
E02000524,288,0.034611225
E02000526,8068,0.950966525
E02000528,1513,0.121428571
E02000531,998,0.093876399
E02000532,8075,0.900825524
E02000533,6070,0.722963316
E02000539,329,0.02991453
E02000545,421,0.048136291
E02000594,1776,0.22916129
E02000595,198,0.025997899
E02000596,161,0.02086303
E02000597,2776,0.389942408
E02000601,3492,0.259185037
E02000602,948,0.07974428
E02000606,1181,0.104052863
E02000607,572,0.070976548
E02000610,235,0.028728606
E02000619,8579,0.940886159
E02000620,10622,1
E02000621,8114,0.652670528
E02000622,1671,0.188218067
E02000625,369,0.043503891
E02000629,671,0.074250304
E02000630,1410,0.175460428
E02000652,351,0.044656489
E02000653,11768,1
E02000654,7629,0.865947787
E02000655,5602,0.601395598
E02000658,748,0.085077343
E02000661,292,0.042404879
E02000663,298,0.040069921
E02000664,1727,0.117635038
E02000665,1670,0.190769934
E02000666,970,0.131258457
E02000668,830,0.10952758
E02000672,260,0.025299212
E02000700,367,0.043711291
E02000704,184,0.022099448
E02000708,297,0.035581646
E02000710,731,0.085247813
E02000713,261,0.035539216
E02000715,1385,0.18059721
E02000718,3825,0.514182014
E02000725,733,0.07219541
E02000726,5736,0.216346698
E02000728,1474,0.179843826
E02000733,6223,0.613889711
E02000736,6644,0.733657244
E02000737,3040,0.299832331
E02000740,4242,0.594533987
E02000742,2854,0.324871941
E02000743,7551,0.741748527
E02000744,5046,0.530766803
E02000745,4058,0.493014215
E02000746,6110,0.723162504
E02000747,13544,0.961112688
E02000748,3396,0.524478764
E02000749,6577,0.767444574
E02000750,16414,1
E02000754,334,0.050263356
E02000755,701,0.12533524
E02000759,1111,0.083427198
E02000774,523,0.069189046
E02000779,870,0.09610074
E02000780,585,0.032854094
E02000781,411,0.027146631
E02000784,9483,0.936962751
E02000785,3155,0.313306852
E02000786,6465,0.557087462
E02000787,3340,0.272630806
E02000790,1476,0.22118987
E02000792,906,0.123265306
E02000797,449,0.056146055
E02000799,577,0.092631241
E02000801,483,0.066814221
E02000805,1517,0.132709299
E02000806,233,0.022586274
E02000807,5715,0.60100957
E02000808,9930,0.866946045
E02000809,13978,0.976526478
E02000810,12934,0.957294057
E02000812,10205,0.943509615
E02000813,10219,0.940543028
E02000814,10356,1
E02000815,5848,0.806731963
E02000816,10006,0.944586047
E02000817,7287,1
E02000818,7796,0.916098707
E02000819,8828,1
E02000820,10515,1
E02000821,7938,1
E02000822,5638,0.780994598
E02000823,8089,0.904101934
E02000824,5633,0.57497193
E02000825,5749,0.603949995
E02000826,6801,0.731604991
E02000827,3596,0.323235955
E02000828,642,0.074581784
E02000829,2465,0.212848631
E02000843,325,0.037580944
E02000845,355,0.035521313
E02000849,362,0.044935452
E02000850,304,0.027966881
E02000853,462,0.057022957
E02000867,747,0.058359375
E02000881,3772,0.396426695
E02000883,3784,0.421803589
E02000886,4191,0.4423219
E02000887,2372,0.207687593
E02000888,558,0.053928675
E02000889,3768,0.434101382
E02000890,6350,0.929857959
E02000891,18628,0.914347421
E02000893,8132,1
E02000894,12011,1
E02000897,345,0.040313157
E02000900,921,0.105005131
E02000902,331,0.033772064
E02000912,1614,0.171903291
E02000916,714,0.072033898
E02000923,8197,1
E02000924,14770,1
E02000925,8068,1
E02000926,11349,1
E02000927,5737,0.783850253
E02000928,559,0.065090824
E02000929,7508,1
E02000930,5191,0.472984055
E02000932,1216,0.102815591
E02000934,303,0.030242539
E02000940,629,0.073284399
E02000953,221,0.028188776
E02000956,300,0.036175087
E02000977,499,0.066285866
E02000979,9777,0.920015056
E02000980,10898,1
E02000981,10426,1
E02000982,7597,0.821652607
E02000983,9938,1
E02000988,260,0.029220049
E02000991,216,0.028235294
E02000992,288,0.0476348
E02000998,513,0.05362743
E02001021,313,0.041822555
E02001029,431,0.056710526
E02001031,1261,0.190282179
E02001033,1449,0.240218833
E02001046,246,0.023622047
E02001057,300,0.026272003
E02001079,872,0.098198198
E02001080,1083,0.112065397
E02001084,305,0.036400525
E02001086,338,0.051250948
E02001088,495,0.054641793
E02001090,569,0.087592365
E02001099,514,0.086883029
E02001133,384,0.059049669
E02001139,460,0.046189376
E02001145,705,0.098698026
E02001163,288,0.030354132
E02001167,2385,0.331849172
E02001172,991,0.063145151
E02001178,1283,0.084764799
E02001207,361,0.051741436
E02001208,1286,0.169836239
E02001217,257,0.037187093
E02001220,325,0.056967572
E02001243,209,0.026095642
E02001265,347,0.042581912
E02001271,287,0.043676762
E02001276,209,0.025556371
E02001279,313,0.03685822
E02001290,316,0.051265412
E02001295,439,0.056740339
E02001298,362,0.041777265
E02001299,1488,0.165406847
E02001300,315,0.037928958
E02001301,256,0.028008753
E02001309,293,0.035233285
E02001310,267,0.028334925
E02001315,258,0.031197098
E02001317,1042,0.120170684
E02001319,283,0.036226318
E02001323,325,0.040783034
E02001325,839,0.105561147
E02001357,345,0.048915355
E02001396,242,0.030352439
E02001414,584,0.106764168
E02001425,457,0.044589716
E02001427,361,0.034848924
E02001429,6130,0.913698018
E02001430,4923,0.707022835
E02001431,863,0.115235679
E02001448,526,0.078671852
E02001469,629,0.081004507
E02001472,4711,0.671944088
E02001475,2040,0.31765805
E02001479,1552,0.250767491
E02001480,614,0.078808882
E02001482,442,0.053948493
E02001534,336,0.034059807
E02001539,6382,1
E02001540,171,0.014580491
E02001541,6593,0.584641305
E02001542,4495,0.57606049
E02001543,4131,0.514509902
E02001544,5956,0.702772861
E02001545,4517,0.541476864
E02001546,2337,0.256474978
E02001547,152,0.013916865
E02001548,7148,0.876732491
E02001549,838,0.134965373
E02001550,314,0.040490006
E02001551,605,0.099818512
E02001553,1451,0.140342393
E02001554,333,0.055315615
E02001555,575,0.108716203
E02001558,247,0.040941488
E02001559,410,0.053805774
E02001560,375,0.027939204
E02001615,263,0.036568409
E02001618,506,0.051354917
E02001627,316,0.051760852
E02001646,407,0.044408074
E02001650,471,0.04591986
E02001660,407,0.03957604
E02001678,307,0.029820301
E02001709,325,0.032089258
E02001749,393,0.061811891
E02001759,207,0.033653065
E02001764,338,0.043189369
E02001812,288,0.028526149
E02001815,233,0.023431215
E02001825,293,0.040503179
E02001835,189,0.023164604
E02001845,311,0.047721344
E02001850,555,0.067069486
E02001855,3324,0.340923077
E02001856,1157,0.118545082
E02001859,358,0.033386179
E02001863,312,0.038504258
E02001864,1029,0.18342246
E02001870,1090,0.085564016
E02001897,342,0.04109589
E02001900,485,0.066374709
E02001905,808,0.066881881
E02001910,873,0.121081831
E02001914,1029,0.149216937
E02001921,732,0.090830128
E02001926,1035,0.130962925
E02001950,310,0.037295476
E02001952,262,0.028305964
E02001970,260,0.04272802
E02001985,849,0.066116346
E02001990,388,0.041680095
E02002051,206,0.036191145
E02002059,345,0.030787078
E02002093,140,0.020237063
E02002118,683,0.091567234
E02002126,344,0.050167712
E02002130,1184,0.165803109
E02002134,795,0.088225502
E02002135,324,0.039225182
E02002136,345,0.042253521
E02002149,320,0.03264973
E02002151,1508,0.261442441
E02002171,290,0.038952317
E02002175,334,0.044069138
E02002186,462,0.034692498
E02002187,306,0.051213389
E02002188,584,0.075854007
E02002190,1086,0.091229839
E02002202,261,0.035385033
E02002204,307,0.026614651
E02002221,887,0.054240812
E02002226,669,0.044287038
E02002247,588,0.063615709
E02002250,1112,0.129891368
E02002256,4302,0.450282604
E02002258,353,0.038294641
E02002260,556,0.059344647
E02002264,192,0.027099506
E02002265,1751,0.30697756
E02002275,273,0.031736805
E02002287,175,0.023449015
E02002294,526,0.047796456
E02002299,1319,0.174263443
E02002301,413,0.048725814
E02002312,1393,0.127179768
E02002314,311,0.052702932
E02002315,260,0.038072924
E02002329,415,0.033952385
E02002331,186,0.026461801
E02002335,199,0.026533333
E02002337,180,0.024363833
E02002357,161,0.020341124
E02002367,215,0.034829094
E02002393,785,0.085030329
E02002404,1724,0.159511473
E02002409,309,0.052506372
E02002411,285,0.032331254
E02002426,438,0.057239937
E02002427,223,0.033204288
E02002432,1048,0.146205357
E02002439,891,0.105418836
E02002456,1058,0.131330685
E02002459,1596,0.164011921
E02002464,476,0.054756701
E02002465,1328,0.218852999
E02002466,267,0.028849271
E02002467,383,0.042400089
E02002484,185,0.017705044
E02002487,166,0.031457267
E02002489,430,0.055627426
E02002496,517,0.039012979
E02002499,506,0.068322981
E02002502,279,0.030257022
E02002515,273,0.039548023
E02002537,993,0.114917255
E02002546,590,0.078635213
E02002558,861,0.079788713
E02002564,332,0.034124782
E02002566,297,0.04278306
E02002573,407,0.046286819
E02002580,470,0.058414119
E02002581,330,0.045069653
E02002582,339,0.038584111
E02002590,203,0.027770178
E02002591,296,0.045884359
E02002596,271,0.033820042
E02002597,264,0.028448276
E02002600,2999,0.335121243
E02002601,1231,0.14062143
E02002603,293,0.042390046
E02002606,2483,0.207244804
E02002607,1654,0.142328543
E02002608,881,0.106969403
E02002609,339,0.034948454
E02002610,219,0.017231883
E02002611,747,0.095990748
E02002613,665,0.103020914
E02002619,327,0.036345448
E02002620,209,0.023472597
E02002627,286,0.037205672
E02002633,5559,0.720918169
E02002634,2160,0.271561479
E02002652,8734,0.584292213
E02002653,4598,0.574247533
E02002654,8097,1
E02002655,3150,0.361653272
E02002656,4953,1
E02002657,7176,1
E02002658,3377,0.531308999
E02002659,10864,1
E02002660,5880,0.87643464
E02002661,7313,0.888578372
E02002662,5375,0.788701394
E02002663,6966,1
E02002664,7019,1
E02002665,8008,1
E02002666,9022,1
E02002667,7099,1
E02002668,8424,1
E02002669,8116,1
E02002670,7800,1
E02002671,8819,1
E02002672,7365,1
E02002673,7397,1
E02002674,6270,0.969237904
E02002675,9207,1
E02002676,7320,1
E02002677,7350,0.879923381
E02002678,8029,1
E02002679,7116,0.956708793
E02002680,9792,1
E02002681,8968,1
E02002682,8790,0.927900348
E02002689,745,0.131439661
E02002692,374,0.041193964
E02002694,1025,0.084543055
E02002695,227,0.027332932
E02002696,166,0.028102252
E02002697,544,0.070851784
E02002698,311,0.036566725
E02002699,2563,0.263303883
E02002700,249,0.039448669
E02002703,618,0.068942436
E02002704,965,0.135400589
E02002705,934,0.145482866
E02002706,4527,0.631997766
E02002707,574,0.07829764
E02002708,812,0.122695678
E02002709,5631,0.710984848
E02002712,5872,0.771616294
E02002714,810,0.103540841
E02002715,1082,0.080130341
E02002716,7579,0.885293774
E02002717,2975,0.373931624
E02002719,270,0.042620363
E02002720,5058,0.66851705
E02002721,3197,0.498207885
E02002722,447,0.051385217
E02002723,8457,0.95624152
E02002724,9758,1
E02002725,1673,0.249366523
E02002726,5123,0.488463005
E02002727,5516,1
E02002728,7690,1
E02002729,1553,0.267620196
E02002730,7549,1
E02002731,6064,1
E02002732,426,0.053965037
E02002733,4111,0.715205289
E02002734,3123,0.566376496
E02002735,3124,0.619226957
E02002736,5028,0.838838839
E02002737,4223,0.590299133
E02002738,252,0.03609798
E02002739,479,0.08218943
E02002740,910,0.164141414
E02002741,2354,0.261352282
E02002742,1755,0.313841202
E02002745,245,0.033947624
E02002749,3502,0.30008569
E02002750,1155,0.183100824
E02002753,4617,0.533140878
E02002754,5400,0.641940086
E02002755,346,0.043803013
E02002757,317,0.048995363
E02002759,562,0.058878994
E02002761,256,0.038852633
E02002763,1543,0.174963148
E02002769,130,0.022711391
E02002770,724,0.10259317
E02002771,1996,0.27372463
E02002778,351,0.041750922
E02002779,387,0.03980253
E02002781,284,0.024816498
E02002784,1351,0.10025974
E02002785,512,0.060916121
E02002786,320,0.028208745
E02002788,588,0.064693586
E02002790,275,0.020885547
E02002793,287,0.030721473
E02002794,290,0.030239833
E02002795,365,0.043997107
E02002800,227,0.032080271
E02002801,623,0.083366787
E02002802,1367,0.171260336
E02002803,2731,0.322355996
E02002806,256,0.04034673
E02002808,936,0.071691176
E02002816,232,0.024413343
E02002819,152,0.019177391
E02002828,452,0.058496182
E02002829,345,0.030568846
E02002832,2726,0.297630746
E02002836,3772,0.395097937
E02002837,966,0.113955409
E02002839,753,0.095764975
E02002842,2261,0.263366337
E02002843,2935,0.206908706
E02002846,624,0.087236125
E02002847,1438,0.143670696
E02002857,1739,0.262966883
E02002864,312,0.038946449
E02002869,599,0.079590752
E02002872,554,0.063026166
E02002874,317,0.038480214
E02002876,348,0.042563601
E02002891,283,0.034554335
E02002893,1683,0.104527669
E02002896,305,0.028603582
E02002898,3842,0.352024922
E02002899,277,0.025138397
E02002901,4289,0.69547592
E02002905,422,0.065284653
E02002906,1742,0.285339885
E02002910,266,0.032332564
E02002911,289,0.030072841
E02002914,213,0.022918012
E02002916,734,0.072904251
E02002919,1103,0.112792719
E02002924,267,0.042747358
E02002929,286,0.044982699
E02002935,286,0.043771044
E02002936,330,0.031533684
E02002937,337,0.033499006
E02002938,389,0.053751555
E02002962,245,0.033686237
E02002964,254,0.029903461
E02002966,611,0.060375494
E02002969,1406,0.148688663
E02002976,278,0.046210106
E02002977,537,0.094177482
E02002979,350,0.058168523
E02002980,599,0.099949942
E02002982,583,0.073103448
E02002984,1038,0.193404136
E02002990,232,0.038045261
E02002991,765,0.067591447
E02002993,714,0.106614902
E02002994,291,0.027596017
E02002996,274,0.020495175
E02003013,1207,0.100768075
E02003019,2146,0.217470612
E02003034,319,0.023689292
E02003043,1319,0.069607895
E02003046,365,0.037101037
E02003047,249,0.022430412
E02003049,214,0.028091363
E02003050,195,0.01959996
E02003054,451,0.068582725
E02003059,336,0.0546875
E02003065,1327,0.134230225
E02003067,4184,0.527084908
E02003068,570,0.090634441
E02003069,980,0.174656924
E02003070,440,0.032279363
E02003071,5734,0.707639146
E02003074,7728,1
E02003076,1798,0.190587238
E02003077,297,0.048042705
E02003078,3756,0.522029187
E02003079,7136,0.764107506
E02003080,7670,0.876571429
E02003081,3522,0.37218641
E02003082,795,0.08614151
E02003084,7223,0.678662031
E02003085,6865,0.865699874
E02003086,1675,0.271123341
E02003087,732,0.071624266
E02003088,250,0.029606821
E02003089,3697,0.622076392
E02003091,262,0.039351157
E02003093,995,0.154000929
E02003094,3727,0.41717036
E02003095,594,0.078821656
E02003096,241,0.038290435
E02003097,295,0.045786124
E02003098,560,0.054337279
E02003113,270,0.025254887
E02003130,249,0.023903235
E02003142,197,0.021636463
E02003143,298,0.040566295
E02003147,330,0.035331906
E02003148,653,0.061580536
E02003149,289,0.030401851
E02003150,494,0.039957939
E02003152,773,0.074184261
E02003154,252,0.034883721
E02003156,397,0.03755913
E02003164,828,0.093856268
E02003167,648,0.067888947
E02003171,531,0.070583544
E02003179,127,0.019356805
E02003191,272,0.032889964
E02003202,299,0.047649402
E02003208,779,0.065335905
E02003211,344,0.038410004
E02003215,263,0.039548872
E02003219,247,0.026743179
E02003221,411,0.057936284
E02003224,675,0.081100565
E02003237,283,0.0490638
E02003239,527,0.071467318
E02003241,1067,0.162281369
E02003242,478,0.060103106
E02003244,344,0.036352108
E02003249,299,0.024731183
E02003253,316,0.032117085
E02003292,1500,0.121526371
E02003294,1871,0.201746819
E02003308,2066,0.285595798
E02003309,807,0.105738994
E02003310,4802,0.314225887
E02003311,1701,0.181905679
E02003312,5344,0.53021133
E02003313,14748,1
E02003314,561,0.088
E02003319,1281,0.151490066
E02003320,3234,0.349924259
E02003328,432,0.043960517
E02003333,1148,0.153949309
E02003338,796,0.110586274
E02003341,838,0.127046695
E02003353,947,0.09188822
E02003354,320,0.032122064
E02003357,317,0.031066249
E02003359,150,0.023030861
E02003368,313,0.055018457
E02003370,605,0.090827203
E02003373,282,0.032559751
E02003377,472,0.045665635
E02003378,870,0.111153699
E02003384,573,0.0879914
E02003385,2027,0.197505603
E02003392,3103,0.395841306
E02003395,507,0.0497742
E02003398,495,0.046826223
E02003399,677,0.046107744
E02003407,276,0.027408143
E02003409,561,0.056342272
E02003410,1188,0.102901689
E02003411,1949,0.172036367
E02003412,1346,0.13706721
E02003414,4731,0.358517733
E02003415,756,0.058324333
E02003417,203,0.017652174
E02003420,347,0.05299328
E02003421,369,0.065822333
E02003422,1267,0.110635697
E02003424,6178,0.689508929
E02003425,2449,0.186903762
E02003429,521,0.067909281
E02003430,2055,0.290870488
E02003431,3420,0.505393823
E02003432,1375,0.190206114
E02003436,6013,0.703192609
E02003448,501,0.067113195
E02003454,388,0.044085899
E02003458,568,0.070436508
E02003460,223,0.020717205
E02003461,736,0.101953179
E02003462,300,0.039808917
E02003488,323,0.041021082
E02003522,1511,0.195801477
E02003527,279,0.04408976
E02003530,2806,0.362064516
E02003531,1929,0.250129668
E02003537,1359,0.13149492
E02003546,1406,0.163545423
E02003547,2836,0.297680277
E02003548,1116,0.164747564
E02003554,589,0.094451572
E02003561,334,0.038914133
E02003570,1304,0.106736515
E02003577,614,0.043236392
E02003581,225,0.028535193
E02003583,403,0.054210385
E02003584,199,0.030766852
E02003588,692,0.082019675
E02003589,201,0.024714128
E02003597,368,0.064122669
E02003605,233,0.024557336
E02003616,983,0.178402904
E02003633,2571,0.265078874
E02003643,366,0.027341999
E02003644,370,0.037574896
E02003655,161,0.015882411
E02003665,272,0.043984476
E02003667,298,0.03030303
E02003668,242,0.026867992
E02003669,371,0.046596333
E02003679,306,0.043305972
E02003691,225,0.032570932
E02003693,517,0.076945974
E02003696,331,0.041629984
E02003701,593,0.051731658
E02003702,223,0.027791625
E02003716,246,0.044964358
E02003717,226,0.025594564
E02003718,1249,0.223075549
E02003722,382,0.048281092
E02003725,2990,0.197503138
E02003730,402,0.028141407
E02003732,1259,0.127326052
E02003733,560,0.065666041
E02003735,830,0.089218532
E02003736,149,0.014613574
E02003737,274,0.01961065
E02003738,133,0.021178344
E02003742,3694,0.554321729
E02003743,6027,0.529799578
E02003744,3852,0.268338558
E02003745,2894,0.28058949
E02003747,620,0.052179768
E02003748,293,0.037472823
E02003749,1881,0.312250996
E02003750,1061,0.141825959
E02003751,664,0.094492671
E02003755,2534,0.311072919
E02003756,277,0.039798851
E02003757,170,0.026001835
E02003762,738,0.077132107
E02003763,247,0.025474422
E02003764,326,0.030717045
E02003765,2744,0.374760994
E02003766,979,0.134496497
E02003767,592,0.091118978
E02003768,4924,0.505647977
E02003769,121,0.016098989
E02003771,1025,0.15788663
E02003772,382,0.056600978
E02003773,348,0.032094439
E02003776,470,0.071287729
E02003777,1735,0.208910295
E02003779,322,0.064054108
E02003780,915,0.075676123
E02003788,306,0.040996785
E02003792,277,0.028663079
E02003793,766,0.109444206
E02003803,1048,0.105517519
E02003808,586,0.090824551
E02003809,298,0.037198852
E02003837,303,0.021272115
E02003838,284,0.040606234
E02003862,266,0.05200391
E02003879,696,0.080276817
E02003893,289,0.043754731
E02003894,231,0.027671299
E02003898,112,0.016654275
E02003903,657,0.103873518
E02003904,328,0.065665666
E02003906,429,0.072258717
E02003910,286,0.044272446
E02003911,254,0.028097345
E02003913,220,0.035633301
E02003918,632,0.08875158
E02003928,535,0.043993093
E02003931,303,0.028405362
E02003935,363,0.033247848
E02003936,794,0.093422756
E02003940,321,0.051425825
E02003944,656,0.06466877
E02003945,390,0.063892529
E02003947,897,0.134968402
E02003948,797,0.096209561
E02003949,244,0.036686213
E02003951,260,0.043852252
E02003952,527,0.059981789
E02003957,218,0.019784009
E02003959,990,0.139240506
E02003960,311,0.051345551
E02003963,266,0.026212061
E02003964,417,0.051930262
E02003965,303,0.027329305
E02003966,312,0.044533257
E02003968,348,0.038195588
E02003970,579,0.071314201
E02003975,769,0.107312308
E02003976,1441,0.214786108
E02003978,251,0.045176386
E02003982,666,0.087298466
E02003983,300,0.039994667
E02003987,451,0.07627262
E02003988,279,0.041948579
E02003990,369,0.035542285
E02003992,1977,0.240921277
E02003994,700,0.09673853
E02003996,2103,0.221298537
E02004003,477,0.041049914
E02004005,597,0.076853759
E02004007,465,0.047357165
E02004010,258,0.034331337
E02004012,340,0.061739604
E02004013,198,0.020103564
E02004014,350,0.045823514
E02004015,581,0.090568979
E02004017,811,0.091939689
E02004018,186,0.022019652
E02004019,341,0.043131799
E02004021,273,0.051104455
E02004022,883,0.160399637
E02004025,416,0.051922117
E02004026,907,0.111493546
E02004030,462,0.078040541
E02004038,726,0.092237327
E02004044,583,0.067119503
E02004064,463,0.047914726
E02004065,295,0.036289827
E02004070,445,0.071855321
E02004071,245,0.048717439
E02004072,127,0.013648576
E02004073,698,0.075927336
E02004075,108,0.014968815
E02004076,556,0.074701061
E02004077,560,0.068787618
E02004081,349,0.058557047
E02004087,507,0.06418534
E02004088,241,0.030925189
E02004089,4836,0.667679138
E02004091,8046,0.856777766
E02004092,9007,0.907323461
E02004096,262,0.027130579
E02004098,297,0.04087531
E02004114,592,0.076377242
E02004118,3547,0.485624315
E02004120,1338,0.13421607
E02004121,1475,0.17595133
E02004130,260,0.042989418
E02004132,1081,0.123401826
E02004133,260,0.027899989
E02004134,1606,0.119298767
E02004135,640,0.076646707
E02004136,504,0.056584709
E02004137,240,0.044485635
E02004138,581,0.077106835
E02004139,328,0.046650548
E02004140,445,0.08495609
E02004141,688,0.11183355
E02004142,565,0.082662765
E02004145,213,0.034255388
E02004146,337,0.045454545
E02004147,3668,0.49654799
E02004150,265,0.037754666
E02004151,959,0.102369769
E02004153,1067,0.141044283
E02004155,322,0.042699907
E02004156,1671,0.138236267
E02004158,5781,0.706464622
E02004159,283,0.022549801
E02004160,487,0.066941581
E02004162,3464,0.471806047
E02004163,375,0.048612912
E02004164,274,0.040029218
E02004165,659,0.075860481
E02004166,770,0.11258956
E02004167,593,0.079715015
E02004168,2142,0.339514979
E02004170,749,0.085162024
E02004173,299,0.040296496
E02004175,550,0.102173509
E02004177,1226,0.207691005
E02004178,337,0.062511593
E02004179,229,0.024268758
E02004181,2322,0.398284734
E02004182,295,0.046507962
E02004183,1287,0.218320611
E02004184,641,0.072095377
E02004186,282,0.030499676
E02004187,419,0.042021863
E02004191,1008,0.113975577
E02004192,224,0.029894568
E02004193,514,0.043718636
E02004195,190,0.035010135
E02004196,649,0.084220088
E02004200,202,0.03910939
E02004202,1036,0.119907407
E02004203,617,0.104860639
E02004204,369,0.037826756
E02004205,530,0.062360278
E02004206,234,0.034873323
E02004209,1093,0.122712473
E02004210,1175,0.172591069
E02004211,1047,0.156315318
E02004213,282,0.033619456
E02004214,2122,0.339248601
E02004217,915,0.113876789
E02004218,224,0.0364524
E02004222,2219,0.372377916
E02004227,501,0.049442416
E02004229,544,0.056390588
E02004230,246,0.032330135
E02004231,286,0.041180706
E02004232,292,0.043922984
E02004234,1216,0.200395517
E02004236,588,0.097625768
E02004237,340,0.041162228
E02004241,851,0.087885986
E02004243,595,0.091215698
E02004247,428,0.069536962
E02004252,147,0.019158087
E02004255,398,0.052094241
E02004258,697,0.068266405
E02004260,387,0.042710518
E02004261,259,0.024737345
E02004262,945,0.118480441
E02004263,233,0.039358108
E02004267,293,0.058518075
E02004268,585,0.059590506
E02004269,489,0.049423893
E02004272,820,0.068913354
E02004273,544,0.075314966
E02004274,263,0.040158803
E02004275,476,0.063146723
E02004276,981,0.176693084
E02004279,562,0.06992659
E02004282,362,0.041201912
E02004283,230,0.026282711
E02004284,1998,0.204210957
E02004345,271,0.02129164
E02004348,564,0.070650132
E02004350,514,0.05303343
E02004352,441,0.055555556
E02004354,699,0.076762574
E02004356,247,0.03309661
E02004358,2502,0.312789099
E02004362,5784,0.645463676
E02004365,941,0.112130601
E02004369,277,0.028586171
E02004375,269,0.031351981
E02004376,240,0.033855269
E02004377,378,0.034539474
E02004378,590,0.067290146
E02004381,1023,0.100927388
E02004383,281,0.035993339
E02004386,849,0.126170308
E02004390,391,0.047805355
E02004391,1458,0.218198144
E02004393,815,0.125481139
E02004395,3733,0.448031685
E02004396,250,0.027298537
E02004400,170,0.016781836
E02004401,245,0.030120482
E02004402,453,0.046986827
E02004415,345,0.049173318
E02004422,2696,0.245582073
E02004425,315,0.042729246
E02004446,261,0.038007864
E02004447,347,0.058664413
E02004449,216,0.025204201
E02004450,259,0.040761725
E02004452,313,0.033724814
E02004456,221,0.022135417
E02004472,1008,0.164196123
E02004480,7184,1
E02004481,6832,1
E02004482,8551,1
E02004483,8344,1
E02004484,7938,1
E02004493,308,0.029260878
E02004494,442,0.034680267
E02004503,442,0.055374593
E02004504,1347,0.16845923
E02004512,1156,0.099569337
E02004513,516,0.037969095
E02004515,560,0.064597993
E02004521,675,0.073457395
E02004522,863,0.071856786
E02004524,311,0.037067938
E02004527,593,0.066998079
E02004528,1104,0.131007476
E02004530,292,0.044546148
E02004534,573,0.063356922
E02004535,328,0.055367995
E02004538,327,0.033377565
E02004552,256,0.040245244
E02004557,4160,0.486663547
E02004558,339,0.048854302
E02004560,479,0.052195707
E02004562,1427,0.179316411
E02004563,290,0.044214057
E02004566,406,0.067779633
E02004572,1275,0.161290323
E02004573,2659,0.407259917
E02004574,304,0.038854806
E02004575,240,0.020535638
E02004576,270,0.029637761
E02004578,585,0.079798118
E02004583,783,0.088444595
E02004584,267,0.039898386
E02004589,302,0.039053407
E02004590,3482,0.414425137
E02004591,349,0.046946462
E02004597,288,0.033329476
E02004604,303,0.037342864
E02004608,969,0.094169096
E02004611,282,0.024523872
E02004615,292,0.034442085
E02004616,249,0.025800435
E02004618,476,0.065223349
E02004619,504,0.068422482
E02004621,720,0.109906884
E02004622,267,0.035196414
E02004623,261,0.028678167
E02004626,306,0.029685681
E02004627,397,0.064166801
E02004630,368,0.055639552
E02004631,542,0.106295352
E02004636,702,0.088546922
E02004637,297,0.032480315
E02004639,915,0.090701824
E02004640,945,0.114921561
E02004643,359,0.045015674
E02004646,211,0.023644106
E02004648,363,0.06316339
E02004653,1034,0.150706894
E02004655,284,0.035362968
E02004661,298,0.034582801
E02004663,235,0.035595274
E02004667,123,0.010745173
E02004671,582,0.082752737
E02004673,253,0.036656042
E02004674,607,0.051964729
E02004680,516,0.067318982
E02004686,264,0.031146767
E02004694,378,0.052985702
E02004696,760,0.111306385
E02004699,297,0.027383367
E02004707,350,0.030374035
E02004708,360,0.039049788
E02004712,670,0.074386588
E02004713,275,0.034195474
E02004714,1028,0.133108896
E02004716,271,0.030439178
E02004717,434,0.036263369
E02004720,529,0.047817048
E02004722,682,0.094959621
E02004723,611,0.061598952
E02004724,1084,0.128924833
E02004727,271,0.0272143
E02004732,392,0.04549147
E02004733,389,0.048125696
E02004734,496,0.04648983
E02004738,870,0.116700201
E02004746,280,0.024913249
E02004748,1078,0.107221007
E02004751,321,0.039870824
E02004752,615,0.076283801
E02004753,314,0.029569639
E02004757,919,0.115772235
E02004758,683,0.076287278
E02004759,1444,0.169662789
E02004760,297,0.029741638
E02004767,752,0.118201823
E02004769,360,0.056506043
E02004770,330,0.046629928
E02004771,332,0.035322907
E02004774,248,0.024706117
E02004777,1173,0.209501697
E02004778,1477,0.236660792
E02004779,150,0.013936635
E02004780,539,0.089713715
E02004781,282,0.033547466
E02004782,1668,0.208578217
E02004786,1737,0.201134785
E02004788,530,0.073908799
E02004790,415,0.051240894
E02004793,298,0.039381525
E02004794,884,0.126956772
E02004795,570,0.060567421
E02004797,340,0.041397784
E02004800,320,0.041753653
E02004801,281,0.035239528
E02004802,365,0.055127624
E02004815,305,0.039775691
E02004824,340,0.056970509
E02004826,376,0.044276967
E02004827,1132,0.151013874
E02004829,265,0.045083362
E02004830,299,0.043484584
E02004832,360,0.042548162
E02004838,338,0.035481839
E02004839,726,0.083381188
E02004841,260,0.022207038
E02004842,708,0.069032761
E02004847,239,0.02241816
E02004852,997,0.127902502
E02004855,240,0.029447853
E02004856,600,0.105485232
E02004857,426,0.071273214
E02004864,480,0.073316023
E02004880,974,0.102321672
E02004887,289,0.037615515
E02004890,714,0.083411215
E02004894,957,0.098924953
E02004895,1930,0.201608691
E02004896,1158,0.139199423
E02004903,1080,0.140625
E02004904,423,0.065826331
E02004906,354,0.033827043
E02004913,634,0.041192905
E02004927,665,0.101744186
E02004941,354,0.036389803
E02004962,510,0.056957784
E02004989,1061,0.074180242
E02004996,350,0.041686517
E02005000,678,0.057244174
E02005006,363,0.061945392
E02005007,698,0.075386111
E02005010,1292,0.160158671
E02005011,359,0.046879081
E02005013,233,0.027668923
E02005017,1955,0.282677848
E02005018,840,0.093635046
E02005026,946,0.11706472
E02005027,287,0.051683775
E02005029,400,0.030724326
E02005030,1561,0.136189147
E02005033,313,0.041594684
E02005039,367,0.054113831
E02005042,1428,0.155318686
E02005043,2177,0.289764408
E02005044,133,0.020130165
E02005050,345,0.035395506
E02005052,581,0.071525299
E02005056,871,0.0802987
E02005057,2842,0.243155373
E02005073,1129,0.090392314
E02005076,136,0.01349742
E02005081,1112,0.168179068
E02005085,1189,0.161812738
E02005091,314,0.044966347
E02005094,582,0.06138593
E02005097,229,0.022747591
E02005099,351,0.044497972
E02005100,276,0.028264209
E02005101,354,0.050007063
E02005105,740,0.092941472
E02005106,331,0.033959167
E02005109,611,0.089576308
E02005110,3317,0.472036431
E02005111,3843,0.513084112
E02005112,6739,0.939102564
E02005113,806,0.109184503
E02005114,1019,0.153695324
E02005115,6677,1
E02005116,6741,1
E02005117,1632,0.255479023
E02005118,1254,0.116143373
E02005119,1646,0.261062649
E02005121,2754,0.19376627
E02005123,731,0.05752282
E02005124,1283,0.143175985
E02005125,584,0.068705882
E02005128,1212,0.14009941
E02005130,369,0.041284404
E02005131,510,0.077050914
E02005149,747,0.067638537
E02005151,659,0.051384016
E02005153,585,0.060924807
E02005154,538,0.044979517
E02005156,491,0.067519252
E02005157,381,0.054914961
E02005158,695,0.102085781
E02005159,358,0.045739108
E02005160,2703,0.215207006
E02005162,1439,0.137230593
E02005172,459,0.052559258
E02005182,1310,0.217427386
E02005184,282,0.056152927
E02005195,2886,0.35753221
E02005203,588,0.073943662
E02005211,3108,0.34131342
E02005218,570,0.078114294
E02005219,306,0.036437247
E02005220,505,0.083250907
E02005221,284,0.028727493
E02005222,275,0.043512658
E02005230,567,0.084400119
E02005231,239,0.029260529
E02005234,359,0.039398595
E02005236,257,0.018644806
E02005237,837,0.077335304
E02005239,1038,0.087087843
E02005242,296,0.047989624
E02005245,265,0.038663554
E02005247,1295,0.133905491
E02005248,422,0.060921034
E02005258,301,0.038207667
E02005268,527,0.056466302
E02005269,2330,0.213683052
E02005270,527,0.072340426
E02005271,627,0.079126704
E02005276,307,0.033669664
E02005278,319,0.039780521
E02005284,302,0.049137651
E02005285,849,0.132119514
E02005286,284,0.036017755
E02005288,324,0.052828958
E02005290,770,0.106397679
E02005291,1429,0.253413726
E02005293,292,0.053548505
E02005294,507,0.074427481
E02005298,166,0.021702183
E02005303,283,0.04473601
E02005304,275,0.031703943
E02005305,3939,0.519177541
E02005308,282,0.042020563
E02005309,221,0.026559308
E02005315,389,0.048527944
E02005319,3692,0.460349127
E02005320,866,0.145107239
E02005321,892,0.142242067
E02005322,6609,0.640965959
E02005323,3729,0.496604075
E02005324,199,0.028962305
E02005325,297,0.031819156
E02005326,1268,0.148756452
E02005327,2471,0.38227104
E02005328,4953,0.650512214
E02005329,7115,0.742848194
E02005330,5141,0.56173514
E02005331,249,0.031383917
E02005336,270,0.036183329
E02005337,356,0.035735796
E02005346,3418,0.260161364
E02005347,1794,0.159113082
E02005348,799,0.140966831
E02005352,455,0.070520769
E02005356,333,0.045134183
E02005357,246,0.02883939
E02005369,401,0.03308035
E02005375,547,0.056549157
E02005391,693,0.071223022
E02005392,221,0.024283046
E02005395,196,0.022265137
E02005397,1318,0.14329202
E02005399,293,0.035906863
E02005400,254,0.04347082
E02005412,453,0.051937629
E02005417,7468,1
E02005418,11622,1
E02005419,9097,1
E02005420,8850,1
E02005422,2574,0.411313519
E02005423,10122,1
E02005424,1098,0.10768929
E02005425,2596,0.402355859
E02005427,292,0.041161545
E02005428,6689,0.811279563
E02005429,6443,1
E02005430,333,0.046566914
E02005433,6511,0.927096682
E02005434,467,0.063287708
E02005435,7335,1
E02005436,1275,0.155260594
E02005437,5038,0.847007397
E02005438,6764,0.956042403
E02005439,2157,0.174769081
E02005440,3693,0.679609864
E02005441,3630,0.418443804
E02005445,864,0.071093557
E02005447,3087,0.407632378
E02005449,2276,0.245443761
E02005455,530,0.037358145
E02005459,903,0.107168289
E02005460,585,0.08984795
E02005462,888,0.090974285
E02005463,318,0.032538627
E02005465,3206,0.374401495
E02005466,6685,1
E02005467,6817,0.901361893
E02005468,2703,0.354584809
E02005469,6684,0.8308266
E02005470,13039,1
E02005471,9792,1
E02005472,9546,0.967271253
E02005473,10264,1
E02005474,3713,0.54659208
E02005475,1300,0.19165561
E02005482,315,0.032551411
E02005483,258,0.032526475
E02005486,520,0.053109999
E02005487,291,0.029843093
E02005493,1885,0.185824132
E02005494,1261,0.12413861
E02005495,5495,0.514754098
E02005496,340,0.052155239
E02005498,1426,0.192598595
E02005499,201,0.023801066
E02005501,246,0.031498079
E02005502,1100,0.114654993
E02005503,286,0.038544474
E02005516,272,0.039374638
E02005520,977,0.112856648
E02005540,1509,0.167759867
E02005541,2712,0.457798785
E02005542,3000,0.397140588
E02005543,1663,0.171319666
E02005544,6880,0.917700413
E02005547,614,0.069677712
E02005552,306,0.045066274
E02005553,492,0.05699722
E02005556,2348,0.316954644
E02005557,6655,1
E02005558,7087,1
E02005559,4574,0.629507294
E02005560,1160,0.12603216
E02005561,7882,0.702934094
E02005562,338,0.047272727
E02005563,4133,0.547344723
E02005564,359,0.036153072
E02005565,4078,0.582904517
E02005566,2799,0.28424901
E02005568,476,0.064125017
E02005569,451,0.054812834
E02005573,261,0.044433095
E02005574,453,0.063650415
E02005578,152,0.026014034
E02005582,1142,0.163352882
E02005583,1671,0.191277473
E02005604,379,0.044069767
E02005605,530,0.049178807
E02005607,401,0.034685581
E02005608,213,0.02746261
E02005610,408,0.049987748
E02005612,481,0.065728341
E02005627,386,0.051576697
E02005631,326,0.030737318
E02005660,730,0.117932149
E02005670,323,0.032679077
E02005673,1134,0.157041961
E02005677,1156,0.127565659
E02005682,890,0.127561989
E02005683,379,0.025651438
E02005700,213,0.023014587
E02005704,243,0.019194313
E02005705,492,0.064465409
E02005708,321,0.030741237
E02005723,1143,0.185041282
E02005724,417,0.062537493
E02005725,707,0.102776566
E02005726,232,0.029614501
E02005727,524,0.082741197
E02005729,244,0.042829559
E02005730,313,0.024028865
E02005732,162,0.017683659
E02005743,405,0.080023711
E02005744,690,0.086574655
E02005747,1820,0.263043792
E02005748,312,0.041041831
E02005749,1043,0.103379919
E02005750,482,0.062443322
E02005751,422,0.048707295
E02005752,310,0.046623552
E02005753,480,0.035592466
E02005754,296,0.039081067
E02005755,413,0.060486233
E02005758,539,0.059322034
E02005763,249,0.038791089
E02005764,593,0.057836731
E02005765,234,0.035400908
E02005766,258,0.042595344
E02005772,542,0.092824114
E02005776,156,0.016042781
E02005782,866,0.113529103
E02005784,979,0.158209438
E02005787,443,0.051433879
E02005788,287,0.04375
E02005789,633,0.059070549
E02005790,574,0.083260806
E02005791,704,0.10097533
E02005796,121,0.018375095
E02005797,276,0.044602456
E02005798,247,0.029766209
E02005799,253,0.02752094
E02005807,99,0.015502662
E02005810,1786,0.188436379
E02005811,1084,0.112553214
E02005813,7500,0.557413601
E02005814,1136,0.171886821
E02005815,1145,0.13516704
E02005816,2166,0.248765361
E02005818,318,0.036741768
E02005831,288,0.027692308
E02005832,1416,0.15104
E02005836,325,0.035222716
E02005842,465,0.053307348
E02005844,823,0.096032672
E02005846,750,0.103121133
E02005847,372,0.051868377
E02005848,211,0.032866044
E02005849,929,0.09889291
E02005857,322,0.04976047
E02005859,283,0.030446477
E02005860,2548,0.273243968
E02005861,5213,0.924946771
E02005863,1967,0.25895208
E02005866,591,0.062765506
E02005869,269,0.044178026
E02005872,346,0.05562701
E02005876,945,0.105445213
E02005878,151,0.014869522
E02005879,5977,0.783355177
E02005895,289,0.036215539
E02005896,407,0.053885873
E02005899,1575,0.126353791
E02005900,266,0.036009205
E02005903,252,0.02496038
E02005904,1128,0.120887365
E02005905,1584,0.232941176
E02005908,292,0.03100446
E02005909,6320,0.740740741
E02005910,7951,0.823852451
E02005911,996,0.114089347
E02005912,2715,0.28618109
E02005917,339,0.058498706
E02005919,597,0.086659893
E02005924,381,0.032116665
E02005931,389,0.03829494
E02005935,364,0.046070118
E02005938,394,0.071016583
E02005939,403,0.06041979
E02005942,278,0.04224924
E02005947,290,0.015943702
E02005948,2135,0.305218013
E02005951,2500,0.452570601
E02005961,562,0.084232614
E02005964,698,0.098852854
E02005966,361,0.045969693
E02005982,335,0.0558799
E02005983,310,0.026623154
E02005987,293,0.030829125
E02005988,288,0.036627242
E02005991,238,0.024028269
E02006000,499,0.041659709
E02006002,246,0.022834865
E02006004,279,0.045730208
E02006008,344,0.036615221
E02006010,315,0.026703967
E02006012,433,0.068103177
E02006013,327,0.042182663
E02006017,367,0.045047257
E02006018,333,0.027013872
E02006019,306,0.048242157
E02006022,462,0.072893657
E02006023,697,0.069470747
E02006026,1136,0.158903343
E02006027,266,0.048442907
E02006028,398,0.042196777
E02006030,754,0.091405019
E02006036,481,0.074840517
E02006037,220,0.021288949
E02006042,1111,0.185506762
E02006043,247,0.036163982
E02006047,555,0.063999077
E02006051,621,0.076280555
E02006056,605,0.078337434
E02006061,488,0.052859619
E02006062,6585,0.59010664
E02006063,375,0.054347826
E02006064,5255,0.68638976
E02006065,8861,1
E02006066,2938,0.353720202
E02006067,180,0.026052974
E02006068,7956,1
E02006069,5910,0.570408262
E02006070,8291,1
E02006071,2253,0.234443288
E02006072,1079,0.114325069
E02006073,1984,0.265311581
E02006074,4314,0.391434534
E02006078,308,0.050442188
E02006080,252,0.034753827
E02006082,374,0.056367747
E02006090,583,0.083836641
E02006098,275,0.037816282
E02006103,862,0.109432525
E02006105,2319,0.204371199
E02006108,652,0.073159785
E02006113,722,0.096588629
E02006114,1509,0.228636364
E02006116,676,0.084574002
E02006117,190,0.034062388
E02006136,288,0.033016164
E02006138,915,0.121352785
E02006141,8893,0.729891661
E02006143,3653,0.466062771
E02006145,283,0.047190262
E02006147,534,0.065201465
E02006154,325,0.033268502
E02006156,473,0.06007112
E02006157,627,0.084626805
E02006167,1059,0.103327154
E02006169,513,0.053465347
E02006174,333,0.031814273
E02006177,645,0.065243779
E02006189,354,0.047721758
E02006197,251,0.026080632
E02006198,371,0.039918227
E02006199,401,0.049561241
E02006207,253,0.040570879
E02006217,1291,0.140539952
E02006218,855,0.103186097
E02006221,2698,0.447132913
E02006227,223,0.035566188
E02006228,190,0.03104068
E02006235,274,0.033414634
E02006239,438,0.056743101
E02006240,806,0.076871722
E02006243,567,0.063238903
E02006251,1300,0.118960469
E02006255,803,0.097831384
E02006256,390,0.039983596
E02006261,420,0.05204461
E02006262,207,0.022702347
E02006267,313,0.036331979
E02006274,309,0.045307918
E02006278,170,0.019333561
E02006281,267,0.030340909
E02006287,198,0.03204402
E02006288,662,0.069232378
E02006289,353,0.037052587
E02006290,274,0.033706483
E02006293,94,0.00820889
E02006305,325,0.032422187
E02006308,463,0.059850052
E02006309,294,0.042614872
E02006310,347,0.040718141
E02006311,292,0.034470547
E02006316,357,0.049542048
E02006317,334,0.057133082
E02006318,612,0.094663573
E02006319,259,0.038172439
E02006321,947,0.146617123
E02006324,1217,0.157093068
E02006325,801,0.084280303
E02006328,269,0.028788527
E02006332,716,0.111422347
E02006334,735,0.080222659
E02006344,178,0.020450368
E02006345,420,0.058075221
E02006347,292,0.038752488
E02006358,202,0.021200672
E02006361,331,0.058019281
E02006369,416,0.066891783
E02006372,302,0.046404425
E02006374,750,0.105292714
E02006382,308,0.046343665
E02006388,742,0.081440018
E02006389,330,0.047190047
E02006392,304,0.033122685
E02006393,213,0.03126376
E02006395,5349,0.549573616
E02006396,3097,0.504479557
E02006398,2758,0.326274695
E02006399,566,0.047439443
E02006401,324,0.030612245
E02006402,556,0.055952501
E02006406,1244,0.141992923
E02006411,2792,0.393239437
E02006414,1698,0.27400355
E02006415,2741,0.41789907
E02006417,516,0.085078318
E02006431,1053,0.091804708
E02006433,298,0.03131897
E02006438,954,0.116540435
E02006441,292,0.034548036
E02006442,375,0.059722886
E02006445,578,0.07126125
E02006448,308,0.041734417
E02006451,1045,0.09164255
E02006456,1205,0.158657011
E02006468,257,0.023340296
E02006471,715,0.102922125
E02006473,233,0.022933071
E02006475,277,0.032653542
E02006478,319,0.040886952
E02006479,1459,0.157832107
E02006483,433,0.052985805
E02006486,239,0.034348951
E02006494,369,0.048693587
E02006502,286,0.02665424
E02006503,390,0.045753168
E02006505,194,0.028613569
E02006509,762,0.124897558
E02006511,497,0.049739792
E02006512,707,0.057400341
E02006513,381,0.045898085
E02006514,263,0.02808029
E02006515,178,0.016864045
E02006526,856,0.101807802
E02006529,1607,0.127691696
E02006530,378,0.03250215
E02006536,324,0.043736501
E02006538,2274,0.24790145
E02006540,3559,0.618311327
E02006541,437,0.055647523
E02006542,727,0.128695344
E02006545,264,0.024802706
E02006551,215,0.026668321
E02006552,3237,0.443424658
E02006554,278,0.041930618
E02006555,568,0.071708118
E02006556,560,0.056022409
E02006558,1251,0.105542901
E02006567,271,0.037057295
E02006568,234,0.019657258
E02006569,1192,0.138830655
E02006570,584,0.063019316
E02006572,144,0.013478098
E02006574,1448,0.134559985
E02006582,976,0.125951736
E02006583,1445,0.157014017
E02006584,293,0.0381163
E02006600,295,0.029813037
E02006603,227,0.026343275
E02006616,301,0.033259669
E02006630,160,0.018279447
E02006631,1033,0.100408243
E02006632,375,0.045137217
E02006633,806,0.09972779
E02006634,481,0.055716437
E02006635,186,0.021797726
E02006636,620,0.088736224
E02006641,321,0.039304518
E02006642,218,0.038563595
E02006645,312,0.039826398
E02006648,206,0.03372074
E02006653,273,0.02825502
E02006658,308,0.040848806
E02006661,366,0.033873207
E02006662,288,0.046541694
E02006663,322,0.026064433
E02006664,570,0.089020772
E02006665,289,0.042910171
E02006669,541,0.052519173
E02006670,946,0.140314447
E02006671,336,0.055009823
E02006672,242,0.026675485
E02006673,285,0.057137129
E02006674,262,0.043944985
E02006676,617,0.097734833
E02006679,150,0.013141756
E02006680,295,0.039832568
E02006682,170,0.016983017
E02006691,364,0.024907623
E02006710,324,0.039517014
E02006712,429,0.058303887
E02006720,277,0.038806388
E02006723,367,0.041785267
E02006737,245,0.02998776
E02006740,77,0.009893357
E02006746,241,0.028924628
E02006755,463,0.080929907
E02006761,187,0.027931292
E02006765,561,0.090586146
E02006767,659,0.072369866
E02006769,228,0.032524964
E02006771,627,0.091747147
E02006773,291,0.034482759
E02006777,430,0.060958322
E02006779,644,0.081200353
E02006784,300,0.037110341
E02006787,1381,0.169489445
E02006791,239,0.03521438
E02006792,2874,0.321440555
E02006798,2854,0.343276401
E02006801,11332,1
E02006802,8051,0.965231987
E02006804,556,0.066119634
E02006805,1005,0.105656013
E02006810,204,0.019538358
E02006813,7829,1
E02006814,3380,0.415437561
E02006821,378,0.057490494
E02006822,287,0.031260211
E02006826,370,0.037739698
E02006833,706,0.058902052
E02006840,251,0.022932846
E02006845,9897,1
E02006846,9249,1
E02006848,936,0.114790287
E02006849,558,0.058088695
E02006853,11106,1
E02006854,8087,0.965150973
E02006856,1799,0.141308617
E02006857,6407,0.715226613
E02006858,7154,0.97029703
E02006859,319,0.03907877
E02006864,8613,1
E02006865,8143,1
E02006870,1141,0.078771143
E02006872,303,0.023229071
E02006875,3239,0.238214312
E02006876,1204,0.143094842
E02006879,839,0.11055475
E02006884,251,0.020009566
E02006887,267,0.027488932
E02006901,300,0.019278967
E02006904,2349,0.191411343
E02006905,4031,0.517990234
E02006912,837,0.046353215
E02006917,501,0.068191098
E02006918,1276,0.135026455
E02006927,750,0.071688014
E02006928,10005,0.824202982
E02006929,8239,0.632844304
E02006930,5235,0.573572916
E02006931,2129,0.217111972
E02006933,689,0.080688605
E02006934,841,0.100346021
W02000003,293,0.027334639
W02000007,287,0.039877727
W02000009,367,0.046180949
W02000010,757,0.078903481
W02000017,371,0.046625613
W02000019,2161,0.307790913
W02000021,1091,0.129572447
W02000022,922,0.155114401
W02000023,213,0.036249149
W02000024,732,0.121918721
W02000025,1522,0.229978846
W02000026,1553,0.208540352
W02000027,7106,0.802122136
W02000028,2066,0.294932191
W02000030,1503,0.250083195
W02000031,8351,1
W02000036,3030,0.278825803
W02000038,774,0.108448928
W02000040,271,0.038970377
W02000041,1079,0.125494301
W02000042,5551,0.956079917
W02000043,1566,0.299426386
W02000044,1337,0.256967134
W02000045,5580,0.585335152
W02000047,4195,0.762034514
W02000049,551,0.084847552
W02000051,593,0.110634328
W02000052,190,0.036328872
W02000053,367,0.055715804
W02000055,551,0.09790334
W02000057,1088,0.169867291
W02000058,882,0.176788936
W02000061,577,0.083105286
W02000063,185,0.02280572
W02000065,447,0.060866013
W02000066,4125,0.407407407
W02000068,2164,0.388928828
W02000072,2951,0.245855203
W02000073,930,0.091869999
W02000094,376,0.040967531
W02000095,805,0.121107266
W02000096,331,0.051064486
W02000097,1991,0.217738408
W02000099,275,0.040892193
W02000100,836,0.132888253
W02000102,798,0.1297772
W02000103,773,0.137202698
W02000104,308,0.0496614
W02000106,973,0.149646263
W02000108,304,0.042151969
W02000110,425,0.063518159
W02000111,645,0.07585558
W02000113,696,0.082857143
W02000114,1086,0.155967255
W02000116,646,0.086827957
W02000117,768,0.086926995
W02000118,239,0.03570895
W02000120,459,0.064675215
W02000123,221,0.026810627
W02000124,438,0.049335436
W02000129,229,0.031783484
W02000132,624,0.09080326
W02000136,348,0.040970097
W02000143,1080,0.194384449
W02000144,279,0.03654224
W02000149,249,0.038610637
W02000151,592,0.080358355
W02000152,1418,0.1657704
W02000159,262,0.042415412
W02000161,441,0.078919112
W02000162,275,0.033080717
W02000164,1196,0.162125525
W02000166,613,0.067817236
W02000167,3277,0.305918596
W02000168,1965,0.293897697
W02000179,218,0.032464631
W02000185,641,0.126255663
W02000192,768,0.074671852
W02000198,234,0.03158321
W02000201,1487,0.282484802
W02000202,343,0.027908869
W02000203,960,0.140391927
W02000206,308,0.045287458
W02000209,212,0.04148728
W02000211,237,0.02970297
W02000213,609,0.090557621
W02000214,254,0.025739765
W02000215,4160,0.425793245
W02000216,306,0.042405765
W02000220,258,0.031714813
W02000223,343,0.054418531
W02000226,330,0.031874819
W02000227,372,0.048979592
W02000231,261,0.030608655
W02000241,464,0.043604924
W02000242,355,0.044093901
W02000245,340,0.038702334
W02000251,176,0.018058691
W02000253,311,0.045381585
W02000256,918,0.090425532
W02000258,635,0.108324804
W02000260,251,0.04377398
W02000261,995,0.129371993
W02000265,591,0.063954118
W02000267,200,0.030623182
W02000268,1054,0.115178669
W02000272,275,0.027618761
W02000273,200,0.01973165
W02000277,303,0.041701073
W02000280,965,0.103142369
W02000282,636,0.053123956
W02000286,479,0.068107493
W02000302,283,0.02753454
W02000304,354,0.060741249
W02000306,3035,0.585342334
W02000308,1196,0.130767549
W02000311,997,0.10126968
W02000313,244,0.02282507
W02000316,399,0.05638779
W02000317,700,0.089308497
W02000320,1414,0.166666667
W02000321,555,0.061646118
W02000323,169,0.026193428
W02000324,708,0.095636904
W02000329,1122,0.146839419
W02000330,480,0.066042928
W02000335,372,0.049832552
W02000338,100,0.01167406
W02000339,972,0.08620078
W02000341,1505,0.175428372
W02000343,248,0.028810409
W02000344,279,0.032831254
W02000345,613,0.074783457
W02000346,891,0.113575526
W02000347,806,0.103585657
W02000350,683,0.077175141
W02000352,1995,0.294464945
W02000353,2066,0.291273086
W02000357,2463,0.308298911
W02000359,10963,0.924757486
W02000361,6574,0.56829184
W02000362,695,0.11009029
W02000365,4910,0.5995116
W02000366,3884,0.464204613
W02000374,294,0.049578415
W02000377,4007,0.53922756
W02000382,380,0.061191626
W02000386,401,0.050497418
W02000389,1172,0.134898711
W02000395,1995,0.282497876
W02000400,3213,0.482070518
W02000401,873,0.14487222
W02000403,1979,0.264148425
W02000406,1917,0.208279009
W02000408,7432,1
W02000410,8964,1
W02000412,4990,0.722350898
W02000414,1105,0.183159291
W02000417,1267,0.121151272
W02000419,599,0.054933969
W02000421,1184,0.102546336
W02000422,2885,0.301179664
W02000423,4038,0.37364671
95AA02W1,492,0.27749577
95AA08W1,316,0.182342758
95AA09W1,2336,0.989830508
95AA11S1,1114,0.397289586
95AA11S2,2735,0.957297865
95AA15S1,1449,0.475081967
95AA15S2,1127,0.617872807
95AA16W1,1817,1.004422333
95AA17W1,723,0.353027344
95BB02W1,1925,0.757277734
95BB04S1,1417,0.992992292
95BB04S2,807,0.42879915
95BB06W1,2937,1.000340599
95BB12S1,1598,0.962650602
95BB13S1,1036,0.760088041
95BB13S2,1424,1.003523608
95BB13S3,1454,1.020350877
95BB17S1,1711,1.004697592
95BB17S2,1150,0.598958333
95BB19S1,1870,0.972944849
95BB19S2,355,0.187533016
95BB19S3,1300,0.99009901
95BB22S2,655,0.416931891
95BB23S1,901,0.527208894
95DD01W1,283,0.138521782
95DD03W1,1387,0.370360481
95DD04W1,1956,0.978
95DD05W1,586,0.346335697
95DD06W1,2576,0.970976253
95DD08W1,2598,1.005029014
95DD11W1,2552,1.009094504
95DD13W1,1990,0.948974726
95DD18W1,1875,0.844214318
95DD20W1,1783,0.986718318
95DD21W1,2307,0.99183147
95DD24W1,2731,1.011106997
95FF01S1,2206,0.96967033
95FF01S2,277,0.087189172
95FF03W1,2811,0.877067083
95FF07W1,2521,0.904232425
95FF08W1,1559,0.671982759
95FF16W1,907,0.377287854
95FF17W1,1682,0.965002869
95GG01S1,1653,1.027985075
95GG01S2,1414,1.016534867
95GG01S3,1577,1.008957134
95GG02S1,1650,0.993377483
95GG02S2,1934,1.004153686
95GG02S3,2310,0.998271392
95GG03S1,1994,1.022564103
95GG03S2,1797,1.004471772
95GG03S3,2105,1.001427212
95GG04S1,1679,1.013888889
95GG04S2,1592,1.002518892
95GG04S3,1791,1.001117943
95GG05S1,1787,0.990027701
95GG05S2,2003,0.985728346
95GG05S3,2183,1.000917011
95GG06S1,1908,0.981481481
95GG06S2,1809,1
95GG06S3,1266,0.629537544
95GG07S1,1839,0.985530547
95GG07S2,1932,0.997418689
95GG07S3,1640,0.979104478
95GG09S1,2129,0.994395142
95GG09S2,1847,1.004896627
95GG09S3,2243,1.012184116
95GG10S1,1964,0.94377703
95GG10S2,2439,0.991463415
95GG11S1,1960,1.013967926
95GG11S2,1666,1.003010235
95GG11S3,1837,1.021690768
95GG12S1,1485,1.012269939
95GG12S2,2346,0.969822241
95GG12S3,2465,0.940480733
95GG12S4,1935,0.991799077
95GG12S5,2544,0.995305164
95GG13S1,1342,0.981711778
95GG13S2,1346,0.790834313
95GG13S3,1632,0.98135899
95GG14S1,1296,0.8
95GG14S2,1549,0.969336671
95GG14S3,1013,0.626468769
95GG15S1,1957,1.01980198
95GG15S2,2039,0.997553816
95GG15S3,1958,1.015560166
95GG16S1,2072,0.974600188
95GG16S2,1918,1.011603376
95GG16S3,1436,0.985586822
95GG17S1,2246,1.004023245
95GG17S2,1496,0.998664887
95GG17S3,1759,1.000568828
95GG18S1,2565,0.976027397
95GG18S2,2535,1.001976285
95GG19S1,1978,0.995971803
95GG19S2,2830,0.988819008
95GG20S1,2460,0.742305371
95GG20S2,2191,0.990058744
95GG21S1,1456,1.009009009
95GG21S2,1724,0.994806694
95GG21S3,2057,0.965274519
95GG22S1,1681,1.007189934
95GG22S2,1873,1.003213712
95GG22S3,1693,1.014379868
95GG23S1,804,0.574285714
95GG23S2,1557,1.016318538
95GG23S3,1298,0.8178954
95GG24S1,1281,1.00078125
95GG24S2,1561,1.011665587
95GG24S3,1571,0.998094028
95GG25S1,2453,1.007392197
95GG25S2,1740,1.014577259
95GG25S3,1468,1.011019284
95GG26S1,1672,0.840623429
95GG26S2,1842,0.99621417
95GG27S1,1100,0.68621335
95GG27S2,1714,0.99941691
95GG27S3,1661,0.9969988
95GG27S4,1577,0.991200503
95GG28S1,1752,0.782841823
95GG28S2,1679,1.015114873
95GG28S3,1745,0.993735763
95GG29S1,2596,0.966492926
95GG29S2,2829,0.984684998
95GG30S1,1591,1.005053696
95GG30S2,1667,0.993444577
95GG30S3,1413,1.006410256
95GG31S1,2247,0.986824769
95GG31S2,1913,0.998434238
95GG31S3,2075,1.013183594
95GG32S1,1499,0.398246546
95GG32S2,1550,0.988520408
95GG32S3,1601,0.996886675
95GG33S1,1960,0.988401412
95GG33S2,1672,1.025766871
95GG33S3,1952,1.020386827
95GG34S1,1472,0.983957219
95GG34S2,1479,1.013013699
95GG34S3,1878,1.006430868
95GG35S1,2010,0.992592593
95GG35S2,1417,1.012866333
95GG35S3,1223,0.933587786
95GG36S1,1878,1.014038877
95GG36S2,1937,0.997939207
95GG36S3,1863,0.989378651
95GG37S1,2150,0.997679814
95GG37S2,1855,1.002160994
95GG37S3,2485,1.005665722
95GG38S1,3262,0.995422643
95GG38S2,1889,0.989005236
95GG38S3,1572,0.988057825
95GG39S1,2427,0.904247392
95GG39S2,2909,0.972259358
95GG39S3,2115,1.012931034
95GG40S1,2008,0.989162562
95GG40S2,2333,0.998715753
95GG41S1,945,0.483623337
95GG41S2,1589,0.991885144
95GG41S3,2116,1.004271476
95GG42S1,1861,0.983095615
95GG42S2,1827,1.046391753
95GG42S3,2475,0.989208633
95GG42S4,2322,0.991037132
95GG43S1,1097,0.682638457
95GG43S2,1782,1.013075611
95GG43S3,1708,0.988998263
95GG44S1,3093,0.974480151
95GG44S2,3045,0.962085308
95GG45S1,1286,0.782714547
95GG45S2,1612,1.003111388
95GG45S3,1687,0.99352179
95GG46S1,1335,0.809581565
95GG46S2,1763,1.014968336
95GG46S3,1599,0.995641345
95GG47S1,2697,0.994469027
95GG47S2,1767,1.00569152
95GG47S3,2051,0.983221477
95GG48S1,1515,0.985686402
95GG48S2,2433,0.993872549
95GG48S3,1619,0.977657005
95GG49S1,1688,1.00118624
95GG49S2,2165,1.012628625
95GG49S3,2082,0.992846924
95GG49S4,2059,1.013786312
95GG50S1,1624,0.986634265
95GG50S2,2192,0.985168539
95GG50S3,1932,1.014173228
95GG51S1,1279,0.981580967
95GG51S2,1366,0.967422096
95GG51S3,1458,1
95HH02S1,1275,1.007905138
95HH02S2,752,0.457142857
95HH03W1,1630,0.98251959
95HH04S1,1579,1.009590793
95HH04S2,1260,1.012048193
95HH05W1,2147,1.018500949
95HH06S2,1191,0.458076923
95HH07W1,1577,0.980721393
95HH08W1,2494,0.847146739
95HH09W1,2779,1.007614213
95HH10W1,2325,0.854151359
95HH11W1,1530,0.975143403
95HH12W1,1523,0.990891347
95HH13W1,1459,1.00829302
95HH14W1,1471,1.010302198
95HH15W1,2480,1.012658228
95HH17W1,903,0.382627119
95II01S1,1257,0.735948478
95II01S2,233,0.150322581
95II02S1,482,0.285883749
95II02S2,1702,1.004129794
95II02S3,1539,0.980254777
95II03S1,967,0.432662192
95II03S2,1735,0.988603989
95II04S1,1425,0.358400402
95II04S2,2135,0.987511563
95II07W1,2206,1.004553734
95II08W1,2430,0.988206588
95II09S1,1708,0.818791946
95II09S2,1392,1
95II10W1,2599,1.012071651
95II11W1,2550,1
95II12W1,2476,1.002835156
95II13W1,2828,1.003192621
95II14W1,1837,0.738640933
95II15S1,635,0.330901511
95II15S2,1494,0.999331104
95II16W1,2146,0.97723133
95II17W1,2535,0.98791894
95II18W1,1722,0.734641638
95II20W1,2698,0.998519615
95II21W1,2142,0.867557716
95II22W1,1335,0.564959797
95II23W1,2329,0.995299145
95JJ05W1,2315,0.925629748
95JJ06W1,1703,0.649256576
95JJ07W1,2891,0.997928892
95JJ15W1,1744,0.861234568
95JJ20S1,321,0.141036907
95JJ20S2,1353,0.720831113
95JJ22W1,1316,0.495481928
95LL02S1,619,0.346003354
95LL02S2,1938,1.031948882
95LL03W1,502,0.166832835
95LL04W1,1243,0.391619408
95LL05S1,829,0.330015924
95LL06S1,625,0.354509359
95LL06S2,1818,0.98643516
95LL07W1,2422,0.980169972
95LL08S1,1702,0.97816092
95LL08S2,1979,1.006612411
95LL09S1,1542,1.012475378
95LL09S2,1797,1.006722689
95LL10S1,1233,0.368609865
95LL13S1,270,0.187239945
95LL14S1,1274,1.002360346
95LL14S2,1243,0.983386076
95LL15S1,1670,0.978324546
95LL15S2,1609,0.995052566
95LL16S1,2280,0.62482872
95LL16S2,3038,0.720588235
95LL17W1,2689,0.990423573
95LL18S1,1388,0.618262806
95LL18S2,1522,0.978778135
95LL19S1,1443,0.589460784
95LL20W1,2163,0.876418152
95LL21W1,2052,0.449015317
95LL22W1,1087,0.275120223
95LL23W1,2327,0.988950276
95LL25S1,707,0.237089202
95LL26S1,1563,0.974438903
95LL26S2,2154,1.000929368
95MM01S1,1502,0.987508218
95MM01S2,1824,1.002748763
95MM01S3,677,0.416103258
95MM02S1,286,0.178415471
95MM02S2,924,0.590415335
95MM04W1,2138,1.006117647
95MM05W1,2360,1.009841677
95MM06S1,1403,1.011535689
95MM06S2,1231,1.007364975
95MM07W1,1173,0.425925926
95MM08S1,1293,0.92887931
95MM08S2,1651,0.995177818
95MM10S1,1471,1.002726653
95MM10S2,661,0.522529644
95MM11W1,2253,0.79836995
95MM12S2,1211,1
95MM12S3,2617,1.00499232
95MM13S2,1362,0.997802198
95MM13S3,1561,1.008397933
95MM13S4,583,0.222095238
95MM14S1,881,0.985458613
95MM14S2,1758,0.996598639
95MM16S2,1199,0.331123999
95MM17S1,1938,1.02920871
95MM17S2,1740,1.00811124
95MM18S2,311,0.092504462
95MM19S1,1462,1.02885292
95MM19S2,850,0.589050589
95MM20S1,1522,1.016700067
95MM20S2,1711,1.014226437
95MM21S2,371,0.215572342
95MM22S1,1222,1.002461034
95MM22S2,870,0.74295474
95MM23W1,2579,0.985856269
95MM24W1,2093,0.843951613
95MM25S1,1190,1.012765957
95MM25S2,1384,1.010956903
95MM25S4,2121,0.927821522
95MM26S1,1710,1.023952096
95MM26S2,1315,0.974074074
95MM27S1,1851,1.014246575
95MM27S2,2279,0.946428571
95MM28W1,2269,1.002208481
95MM29W1,3597,1.004748603
95MM30W1,2117,1.00426945
95NN02W1,1398,0.641284404
95NN04W1,2838,0.906419674
95NN07S1,1671,1.030209618
95NN07S2,274,0.167892157
95NN10S1,1192,0.803776129
95NN10S2,1568,0.986163522
95NN17W1,1533,0.600705329
95NN18S1,430,0.301754386
95NN21W1,2189,0.764849755
95QQ01W1,1467,0.994576271
95QQ03W1,1038,1
95QQ04W1,1548,1
95QQ05W1,838,0.295278365
95QQ07W1,1605,0.851910828
95QQ08W1,1396,1.007215007
95QQ09W1,1881,1.004271223
95QQ12W1,1854,0.996238581
95QQ14S1,2845,0.651327839
95QQ15W1,1462,1.003431709
95SS06S1,1278,0.787916153
95SS06S2,2256,0.998671979
95SS06S3,1896,1.022102426
95SS07S1,761,0.155147808
95SS07S2,1630,1.006794317
95SS07S3,1763,0.396179775
95SS10S1,2238,1.006294964
95SS10S2,2126,1.01382928
95SS16S1,1567,1.008365508
95SS16S2,1616,0.997530864
95SS19S1,1430,0.981468771
95SS19S2,1253,0.757099698
95SS26S1,2022,1.005469915
95SS26S2,1748,1.009237875
95SS27W1,2606,1.001152516
95SS29S1,1224,1.011570248
95SS29S2,1371,0.999271137
95VV02W1,2300,0.990952176
95VV07S1,1290,0.631733595
95VV10S1,814,0.517153748
95VV10S2,1810,0.98476605
95VV11S1,343,0.160580524
95VV11S2,510,0.194508009
95VV12S1,756,0.444183314
95VV12S2,1033,0.556573276
95VV14S1,2051,0.997083131
95VV14S2,491,0.316978696
95VV15S1,1379,0.99066092
95VV15S2,1760,0.97832129
95VV16W1,885,0.258017493
95VV24S1,1037,0.640518839
95VV24S2,1564,1.010989011
95VV27W1,2398,1.007563025
95VV28S1,2245,0.996449179
95VV28S2,1274,0.997650744
95VV30S1,1631,1.012414649
95VV30S2,1488,1.028334485
95WW01S1,687,0.459839357
95WW01S2,1325,0.968567251
95WW04S1,1587,0.994984326
95WW04S2,1196,0.995836803
95WW05S1,1502,1.009408602
95WW05S2,1301,1
95WW08S1,1101,1.007319305
95WW08S2,1294,0.98030303
95WW09S1,1329,0.995505618
95WW09S2,1319,0.993971364
95WW10S1,925,0.530694205
95WW10S2,1262,0.993700787
95WW11S1,328,0.190144928
95WW11S2,747,0.543272727
95WW12W1,1698,0.689683184
95WW15S1,803,0.48373494
95WW15S2,1586,1.003797468
95WW16S1,1607,1.021614749
95WW16S2,1203,0.990939044
95WW17W1,2258,1.001774623
95WW18W1,2346,1.015584416
95WW19S1,1745,0.989229025
95WW19S2,1057,0.495546179
95WW19S3,2252,1.007606264
95WW20S2,3907,0.632610104
95WW20S3,1901,1.004756871
95WW21S1,1490,1.009485095
95WW21S2,2076,0.989985694
95WW22S1,1319,1.010727969
95WW22S2,1629,0.992687386
95WW23S1,2363,1.015907137
95WW23S2,2326,0.967956721
95XX01S1,1023,0.606042654
95XX01S2,1794,1.006734007
95XX01S3,1581,0.998106061
95XX02W1,1963,0.728656273
95XX03S1,1241,0.999194847
95XX03S2,1061,0.761119082
95XX04S1,1762,1.004561003
95XX04S2,1806,1.011764706
95XX05W1,2589,0.982542694
95XX06S1,1945,1.00257732
95XX06S2,2112,1.027737226
95XX07S1,1364,0.98626175
95XX07S2,1371,0.994198695
95XX08S1,1269,0.982958947
95XX08S2,1224,0.997555012
95XX09S1,1429,0.99651325
95XX09S2,1457,0.983794733
95XX10S1,812,0.443231441
95XX10S2,1876,0.953736655
95XX10S3,1275,0.99609375
95XX11S1,1216,0.435842294
95XX11S2,3265,0.975500448
95XX11S3,1595,1.006309148
95XX15W1,2251,0.817950581
95XX17S1,1587,1.021235521
95XX17S2,686,0.431718062
95XX20S1,314,0.152575316
95XX21W1,2083,0.70586242
95XX22W1,2148,1.002333178
95XX23W1,3163,0.996848408
95XX24S1,318,0.254807692
95XX24S2,1430,0.991678225
95XX25W1,2499,0.995221027
95YY02W1,2013,0.852966102
95YY04W1,617,0.181204112
95YY05W1,1042,0.636141636
95YY09W1,1640,0.706591986
95YY13S2,1381,1.002904866
95YY14S1,1338,0.794065282
95YY14S2,855,0.546325879
95YY15S1,382,0.969543147
95YY15S2,1069,0.613310384
95YY19W1,1524,0.976923077
95ZZ02W1,1688,0.996458087
95ZZ06W1,1128,0.678700361
95ZZ10W1,882,0.252360515
95ZZ14S1,1907,0.978952772
95ZZ14S2,956,0.741660202
95ZZ16S1,1965,1.025574113
95ZZ16S2,1308,0.992412747
