LAD19CD,LAD19NM,Extent of population living in highly clinically vulnerable areas,Extent of population living in highly health/wellbeing vulnerable areas,Extent of population living in highly economically vulnerable areas,Extent of population living in highly socially vulnerable areas,Extent of population living in highly socioeconomically vulnerable areas,Extent of population living in highly vulnerable areas,Clinical Vulnerability quintile,Health/Wellbeing Vulnerability quintile,Economic Vulnerability quintile,Social Vulnerability quintile,Socioeconomic Vulnerability quintile,Vulnerability quintile,Vulnerability rank,LA spending power rank,Volunteer rank,Capacity score,Capacity rank,Capacity decile,Capacity quintile,Name,Total people in flood risk areas,% people in flood risk areas,Flood risk quintile,Total historical flooding incidents,Flooding incidents per capita,Flood incidents quintile,Total dwelling fires (three-year average),Dwelling fire incidents per capita,Fire incidents quintile
E06000001,Hartlepool,0.8824824254712412,0.3638779790900644,0.6830254662739516,0.15405074966216942,0.5892275504939608,0.6339354356913928,5,4,5,2,4,5,302,12,125.5,12.180327686579934,15,1,1,Hartlepool,781,0.008376053709701637,1,7,7.507346474764592e-5,3,54.33333333333333,5.82713083517442e-4,1
E06000002,Middlesbrough,0.4739539124947807,0.27559144757906723,0.6915091813635266,0.2055873657247819,0.5930950940979758,0.4754897008075705,3,3,5,3,4,5,280,16,125.5,12.480859956443512,20,1,1,Middlesbrough,1302,0.009263936817389448,2,10,7.115158845921236e-5,3,102.33333333333333,7.28117921899273e-4,2
E06000003,Redcar and Cleveland,0.5312867015547176,0.36631889613734303,0.5684006687603602,0.15392998727307305,0.3142153730190688,0.35634725647337084,5,3,5,2,3,4,228,24,125.5,13.09396824487597,27,1,1,Redcar and Cleveland,273,0.001996810953934376,1,42,0.00030720168522067323,5,71.66666666666667,5.241933517654344e-4,1
E06000004,Stockton-on-Tees,0.3877920666594254,0.20880617456893388,0.483620261501924,0.21372328663077886,0.4026183818884577,0.40080281885975805,4,3,4,2,3,5,277,76,125.5,17.53524975543517,58,2,1,Stockton-on-Tees,2444,0.012392692165323786,2,21,1.0648385248436969e-4,3,103,5.222779431376228e-4,1
E06000005,Darlington,0.7205509163088454,0.38734994473402695,0.5222942885901201,0.14026160708905872,0.31297434157433446,0.39263011704137885,5,4,4,1,2,5,256,56,260,42.74036371631739,180,6,3,Darlington,1036,0.0097216748306214,2,NA,NA,NA,86.33333333333333,8.101395692184499e-4,3
E06000006,Halton,0.8054384298387678,0.11220418505307743,0.6796522263675884,0.4154636408043904,0.6083492267872247,0.6326431189472372,5,2,5,4,4,5,315,34,125.5,13.88407674274766,33,2,1,Halton,1139,0.008868506291266974,1,5,3.893110751214651e-5,1,96.33333333333333,7.500726714006893e-4,3
E06000007,Warrington,0.18395914445019618,0.11652704216840688,0.34606556047092063,0.17338662623860543,0.2775465396156571,0.15556831490887735,3,2,4,3,3,4,200,111,125.5,21.094413509196567,77,3,2,Warrington,12545,0.05986723742167628,4,56,2.672431483151751e-4,5,145,6.919688661732213e-4,2
E06000008,Blackburn with Darwen,0.32742786135754715,0.1429930513396596,0.6663230441521214,0.2656982513150651,0.4874618272460703,0.3778699267606111,3,2,5,3,4,4,232,38,260,41.22404129842101,167,6,3,Blackburn with Darwen,822,0.005518926830578346,1,16,1.0742436653193861e-4,3,148.33333333333334,9.959133980565141e-4,5
E06000009,Blackpool,0.9377871916789929,0.5364553167132324,0.7282449528580792,0.04395391407343598,0.35487432914147105,0.8543791075621648,5,5,5,1,3,5,309,4,260,38.606954811775495,145,5,3,Blackpool,7719,0.05541078927533111,4,21,1.5074835791967266e-4,4,198.5,0.0014249309070026202,5
E06000010,"Kingston upon Hull, City of",0.26278802283000363,0.16094341870521608,0.5534049740976584,0.7477460268100087,0.640627421245473,0.5639002030388177,3,2,5,5,5,5,287,32,260,40.74003009276585,163,6,3,"Kingston upon Hull, City of",236223,0.9063016746916304,5,7,2.6856452262656103e-5,1,253,9.706689174931421e-4,5
E06000011,East Riding of Yorkshire,0.3978127335275063,0.38588054146921597,0.12900662299892787,0.1739996925301883,0.13474185708666772,0.2912906386290566,5,4,3,3,2,3,171,79,260,44.83580083854411,191,7,4,East Riding of Yorkshire,70823,0.20853969506557446,5,17,5.005682922376581e-5,2,233.83333333333334,6.885267784406218e-4,2
E06000012,North East Lincolnshire,0.48004692091382495,0.15346830450777332,0.5131357153183546,0.5455178309681323,0.5672686120228585,0.5969002163275428,4,3,5,5,4,5,266,53,260,42.48059907325373,177,6,3,North East Lincolnshire,59525,0.3724479261173438,5,NA,NA,NA,159.16666666666666,9.959058363210509e-4,5
E06000013,North Lincolnshire,0.5227625573919975,0.20113836960063888,0.38782025920299135,0.2630036305554153,0.3149830558781186,0.3002755121867632,4,2,5,3,3,4,239,90,260,45.90972280052421,198,7,4,North Lincolnshire,20548,0.11946164355687335,5,NA,NA,NA,121.33333333333333,7.05405850605118e-4,2
E06000014,York,0.1463405539714847,0.19887116668718674,0.08423120101043965,0.06814709098646002,0.044012901811875574,0.1619358435012125,2,2,2,1,1,1,19,119,24.5,12.377251240109082,18,1,1,York,5010,0.02386930483627372,3,42,2.001019567112767e-4,5,143.33333333333334,6.828876300464205e-4,2
E06000015,Derby,0.15450998156889886,0.12370912709928522,0.413008047387945,0.7009230285618624,0.604440675635132,0.45884758343010035,3,2,4,5,4,5,257,88,125.5,18.69453618978477,64,3,2,Derby,6524,0.02536803875975021,3,NA,NA,NA,201.5,7.83516218591304e-4,3
E06000016,Leicester,0.15181459361797395,0.14078711782919962,0.2583147309687661,0.5236876702253411,0.40525710527352954,0.20926457022240752,1,2,4,5,4,4,215,59,260,43.00309571668768,182,6,3,Leicester,18011,0.05070407468090018,4,14,3.941241716354464e-5,1,307,8.642580049434431e-4,4
E06000017,Rutland,0.9603604541242012,0.5680794518477466,0.37549065752018906,0.20845152026601504,0.19769755900949693,0.41265096262079987,4,4,1,2,1,2,78,26,125.5,13.249833474666614,29,1,1,Rutland,312,0.007859535985087034,1,NA,NA,NA,24.833333333333332,6.255720415480598e-4,1
E06000018,Nottingham,0.0422949676097096,0.09561486705506293,0.4308101300555727,0.691995546802058,0.6269783560781016,0.25235702177523495,2,2,4,5,4,5,259,47,125.5,14.953547579795474,41,2,1,Nottingham,18877,0.05701832548501974,4,NA,NA,NA,362.1666666666667,0.0010939310737842162,5
E06000019,"Herefordshire, County of",0.34003347366996406,0.39867943659687455,0.15222171963924708,0.5056718802268363,0.30003553392530974,0.2681878081650221,4,4,3,4,2,2,106,45,260,41.801903300338964,172,6,3,"Herefordshire, County of",5036,0.026214557512219752,3,16,8.32869182278626e-5,3,163.33333333333334,8.502206235760974e-4,4
E06000020,Telford and Wrekin,0.40279415164551574,0.13741056207467864,0.41947380853779,0.4036442393110375,0.4886374501543878,0.3218323411326983,3,1,4,4,3,3,165,77,24.5,8.015378779228707,7,1,1,Telford and Wrekin,1628,0.009156406953919876,1,3,1.687298578732164e-5,1,143.83333333333334,8.089659296921431e-4,3
E06000021,Stoke-on-Trent,0.40971302825630285,0.14536805156817964,0.6107460726333194,0.47808031431688475,0.623500291205591,0.4239330056387524,4,2,5,4,4,5,300,51,260,42.309038353973364,175,6,3,Stoke-on-Trent,5901,0.023065828098798827,3,6,2.3452799287034903e-5,1,287.8333333333333,0.0011250828991308131,5
E06000022,Bath and North East Somerset,0.22965522871967065,0.18110075742175236,0.08290575049849123,0.12654472010244344,0.0536648900524765,0.105040227242964,3,3,2,2,1,1,11,110,125.5,20.984695074963724,75,3,2,Bath and North East Somerset,2276,0.011847625789928477,2,14,7.28764328027235e-5,3,122.66666666666667,6.385363636048154e-4,1
E06000023,"Bristol, City of",0.047584464879249076,0.11261499688518455,0.21039181936455492,0.39473857413573094,0.24080892637394025,0.17458538881812488,2,2,3,4,3,2,100,55,125.5,15.637287760257488,44,2,1,"Bristol, City of",7068,0.015252317087644717,2,15,3.2369093989059246e-5,1,425.6666666666667,9.185629560895257e-4,5
E06000024,North Somerset,0.4493547729945004,0.3640643248883431,0.1244947731076765,0.1517401077289215,0.08358397337309915,0.2945953104236945,4,4,3,2,2,2,69,83,125.5,18.204379825680597,61,2,1,North Somerset,85525,0.3998008592037173,5,10,4.674666579406224e-5,2,172.83333333333334,8.079382071407091e-4,3
E06000025,South Gloucestershire,0.3576743833976756,0.1838893486245297,0.1171687147454972,0.13180840655792406,0.0730521619534039,0.17408374604021126,3,2,2,3,2,3,133,99,24.5,10.196845523446003,10,1,1,South Gloucestershire,6944,0.024568007811947186,3,27,9.552652807064718e-5,3,173.16666666666666,6.126670534901383e-4,1
E06000026,Plymouth,0.2248465462401728,0.15567166776690872,0.47205838284422574,0.24419699333853445,0.4386540939006581,0.29452455540218847,3,2,4,4,3,4,240,65,125.5,16.52157715132612,49,2,1,Plymouth,3283,0.012478145191942227,2,NA,NA,NA,241.16666666666666,9.166349930318003e-4,5
E06000027,Torbay,0.8115898396012124,0.5912057430363359,0.4612016342225426,0.19124704436743645,0.2854061136048251,0.696667422533355,5,5,5,3,3,5,281,17,125.5,12.556610642456711,21,1,1,Torbay,2907,0.021409633230225364,3,NA,NA,NA,142.33333333333334,0.001048264349192321,5
E06000030,Swindon,0.09810366426706597,0.24204228193774946,0.18979927092095542,0.46845360419011817,0.3194945428130047,0.24492943685092475,3,2,3,4,3,4,199,106,24.5,10.936704208473701,11,1,1,Swindon,3090,0.013919169714769636,2,NA,NA,NA,187.66666666666666,8.453605770674547e-4,4
E06000031,Peterborough,0.06363876025288374,0.16440384378258532,0.37258964458415,0.3524498014152127,0.3374611070431037,0.18631640731047527,2,2,4,4,3,3,168,89,24.5,9.179556162879159,8,1,1,Peterborough,3314,0.01648419974035147,3,NA,NA,NA,150.83333333333334,7.502615552714787e-4,3
E06000032,Luton,0.09827931960872854,0.09578302591080637,0.2574779791208167,0.6625307301667055,0.4796194928751243,0.09614431508201307,1,1,3,5,3,4,246,107,260,47.67480698387109,210,7,4,Luton,NA,NA,NA,NA,NA,NA,244,0.0011396064621291024,5
E06000033,Southend-on-Sea,0.11985485449537425,0.6246901967435647,0.25881760599192855,0.1569500608198288,0.20320967740539753,0.3233427137498965,3,5,3,3,2,4,245,80,260,44.93138424459217,192,7,4,Southend-on-Sea,3371,0.01847497848878951,3,23,1.26052953201471e-4,4,174.16666666666666,9.545314209821534e-4,5
E06000034,Thurrock,0.16317642752003905,0.0595507897406173,0.3161318496937896,0.3211740785088355,0.4259211403381661,0.16074102151480715,2,1,3,4,2,4,214,109,260,47.89165890864465,211,7,4,Thurrock,29787,0.1726532386610636,5,NA,NA,NA,131.33333333333334,7.612423320291745e-4,3
E06000035,Medway,0.1429779068787298,0.023217145633513882,0.33714387189834905,0.3778911662557809,0.3887178564359108,0.10380811081887656,2,1,3,3,2,3,128,113,260,48.331594519073846,215,7,4,Medway,8290,0.02983570567382268,3,20,7.197998956290151e-5,3,165.66666666666666,5.962342468793675e-4,1
E06000036,Bracknell Forest,0.11236398303691772,0.10709589401360992,0.1821718074402944,0.1188092708677575,0.12368524865864651,0.16660304501514808,2,1,1,2,1,1,45,108,125.5,20.766816023159503,74,3,2,Bracknell Forest,1734,0.014250961570071337,2,5,4.10927380913245e-5,1,94.83333333333333,7.79392265798788e-4,3
E06000037,West Berkshire,0.07481174550043442,0.13883993860584265,0.07760288551211432,0.07725438104018807,0.19798166541777873,0.09286271340794346,2,2,1,2,1,1,2,68,24.5,7.179355047197282,6,1,1,West Berkshire,5142,0.032436114983567466,4,NA,NA,NA,108.5,6.84425996833347e-4,2
E06000038,Reading,0.0796661535827031,0.1473412188952925,0.2021036926243293,0.2512390123117576,0.2477438011491662,0.14953756332523557,1,1,2,4,2,1,48,42,24.5,4.9220295707625485,2,1,1,Reading,4782,0.02930093196816235,3,29,1.776928120193869e-4,5,126.5,7.751083007052566e-4,3
E06000039,Slough,0.06762031224851119,0.1605681599984187,0.13099792879107472,0.7024856095453506,0.5284089882278526,0.28316472111390656,1,1,2,5,3,5,255,101,260,47.03625512730776,206,7,4,Slough,11357,0.07616422554858093,5,8,5.365094693921348e-5,2,119.33333333333334,8.002932918432677e-4,3
E06000040,Windsor and Maidenhead,0.1917125823185852,0.3603117869820669,0.06013677388573019,0.044835858083840274,0.044835858083840274,0.09789611099834193,2,3,1,2,1,1,15,121,24.5,12.607106176192673,22,1,1,Windsor and Maidenhead,23647,0.15670019747392416,5,50,3.313320875246842e-4,5,118.66666666666667,7.863614877252507e-4,3
E06000041,Wokingham,0.03342084427220069,0.08599289196863893,0.059950429267317557,0.046863000732234386,0.05804240567664943,0.06842276023851351,2,1,1,2,1,1,6,63,125.5,16.341978458894783,48,2,1,Wokingham,1457,0.008673703260526614,1,NA,NA,NA,93.33333333333333,5.556250086816407e-4,1
E06000042,Milton Keynes,0.04032938554526835,0.14621391690814972,0.1798295905992966,0.17148776151736453,0.14602022755608712,0.12622415687328759,2,1,3,3,2,3,135,104,260,47.35331510244365,209,7,4,Milton Keynes,1582,0.005889645467169508,1,11,4.0952022843782926e-5,1,309.3333333333333,0.001151620521182744,5
E06000043,Brighton and Hove,0.041370112034334355,0.22695943184464717,0.13516678281215874,0.15785442876807543,0.11333726022903468,0.10713779144740239,1,2,3,3,2,1,46,58,125.5,15.89902313737952,45,2,1,Brighton and Hove,1511,0.005203257631846279,1,19,6.542812376246147e-5,2,286.5,9.865872346286953e-4,5
E06000044,Portsmouth,0.0881777417005441,0.05142377041179176,0.19046305993819732,0.4579959838797395,0.3373633250618283,0.22031933978662402,2,2,3,5,3,4,221,94,260,46.31301569938071,201,7,4,Portsmouth,12109,0.05628611138226121,4,5,2.3241436692650594e-5,1,191.5,8.901470253285177e-4,4
E06000045,Southampton,0.20771057545047764,0.09852485590628099,0.3034607372201925,0.6041658199954862,0.4008467301697812,0.24806974585707134,2,2,4,5,4,4,223,82,125.5,18.10758969654148,60,2,1,Southampton,2841,0.011238310732764758,2,6,2.3734552761910788e-5,1,238.83333333333334,9.447670585505045e-4,5
E06000046,Isle of Wight,0.4262853903470966,0.7808464492704581,0.5185201147395047,0.1857175235067986,0.25772825746628575,0.499302642176808,5,5,4,2,2,4,234,8,260,38.899833116239904,147,5,3,Isle of Wight,2088,0.014752222018115277,2,8,5.65219234410547e-5,2,122,8.619593324760841e-4,4
E06000047,County Durham,0.7503213644380791,0.32039200029562687,0.5927371357347029,0.013972067251129075,0.2972889912929882,0.5462815177246315,5,4,5,2,3,4,225,43,125.5,14.61915174180223,38,2,1,County Durham,2489,0.004723139398079623,1,32,6.072336711070629e-5,2,390.5,7.410148392728377e-4,2
E06000049,Cheshire East,0.17541180316267702,0.3970832452201171,0.1594856399645612,0.04726717723956152,0.09115952845953218,0.12570794649903733,4,4,2,1,1,3,139,75,125.5,17.441229272982525,57,2,1,Cheshire East,853,0.002240079834029255,1,51,1.339320885527456e-4,4,283.5,7.445048451902624e-4,2
E06000050,Cheshire West and Chester,0.5230515996660039,0.24530014353420598,0.28343723307599394,0.037079332403643035,0.16024124906600748,0.15207110615935787,4,3,3,1,2,2,122,54,24.5,5.936422985906034,4,1,1,Cheshire West and Chester,2628,0.007718016340579497,1,47,1.380314946755085e-4,4,234.16666666666666,6.877101064506719e-4,2
E06000051,Shropshire,0.41336686876335815,0.5484977172506568,0.1472317124514766,0.30072110130700586,0.2143293587760217,0.3237095588875709,5,5,3,4,2,3,166,62,125.5,16.252702297537603,47,2,1,Shropshire,8197,0.02559371038548243,3,37,1.1552608079332071e-4,4,243.33333333333334,7.597661169290462e-4,3
E06000052,Cornwall,0.5538585731832336,0.23492191115138364,0.23039327497779305,0.09861415356196443,0.16302794504282925,0.2137127243199169,5,3,3,3,2,2,123,28,125.5,13.406762174986959,30,1,1,Cornwall,11727,0.02072025273513697,3,38,6.71416051790914e-5,2,463.3333333333333,8.186564140257635e-4,3
E06000053,Isles of Scilly,1,1,1,1,1,1,3,1,1,1,1,1,1,1,260,38.38971786371816,141,5,3,Isles of Scilly,NA,NA,NA,NA,NA,NA,1,4.4603033006244426e-4,1
E06000054,Wiltshire,0.2512264171080951,0.36061747401728966,0.10053015803506968,0.05106816752359874,0.05841186547998058,0.1637442176105882,4,4,2,2,1,2,81,85,125.5,18.399190677738375,62,2,1,Wiltshire,8968,0.01800571814064056,3,32,6.424877124225e-5,2,365.8333333333333,7.345106920663475e-4,2
E06000055,Bedford,0.24465368860817022,0.2100910747762001,0.3346820003575769,0.2447267220041971,0.22502435724324765,0.05559891524783361,3,2,3,3,2,1,63,37,125.5,14.126500769922593,34,2,1,Bedford,3554,0.020708180139025655,3,7,4.078707399357895e-5,1,166.5,9.701496885615564e-4,5
E06000056,Central Bedfordshire,0.023760957102459044,0.1100403933255068,0.0973257469499012,0.17192031977647268,0.07986750150412525,0.07889341105915285,3,2,2,1,1,2,119,93,125.5,19.19536622886046,67,3,2,Central Bedfordshire,969,0.003416711917237294,1,4,1.4104073961763855e-5,1,207,7.298858275212795e-4,2
E06000057,Northumberland,0.9228053742141187,0.3983286350536038,0.25652555558513546,0.11933803884371375,0.16228729150664742,0.6018121900885525,5,4,3,2,2,5,258,19,125.5,12.708864604582967,24,1,1,Northumberland,4798,0.014980922585036563,2,66,2.0607354952322074e-4,5,261.3333333333333,8.159679940717427e-4,3
E06000058,"Bournemouth, Christchurch and Poole",0.22954435806027104,0.3877916463206406,0.14510702009708643,0.12778749865689631,0.09808572485576926,0.24250926475578916,4,4,3,3,2,2,121,123,125.5,22.453558797992176,82,3,2,"Bournemouth, Christchurch and Poole",3600,0.00909587047480444,1,66,1.6675762537141472e-4,4,364.8333333333333,9.217990958030979e-4,5
E06000059,Dorset,0.7673657900608343,0.48087920420466596,0.09014943110743785,0.1799227296442038,0.0698565578239433,0.40786298180561525,5,5,2,2,2,4,197,316,125.5,111.37355650900618,313,10,5,Dorset,11692,0.031055768638242262,4,82,2.1780474070611235e-4,5,290.8333333333333,7.724985214068415e-4,3
E07000004,Aylesbury Vale,0.09527470819461711,0.16156411432395515,0.12634314128046037,0.08579912136443954,0.03989009666680037,0.051286550880429986,2,2,1,1,1,2,79,217,125.5,37.35486429700552,138,5,3,Aylesbury Vale,1344,0.006738598531948177,1,NA,NA,NA,182.66666666666666,9.158611099969248e-4,4
E07000005,Chiltern,0.20533613005064705,0.3493079715770709,0.10645595087931448,0.13379225321008903,0.10645595087931448,0.07567212567890166,2,3,1,1,1,1,30,221,24.5,28.650444717995295,106,4,2,Chiltern,306,0.003189925672646909,1,7,7.29721559102234e-5,3,81.33333333333333,8.478669543854528e-4,4
E07000006,South Bucks,0.11238660161389583,0.5070174561942025,0.21276929885927215,0.19333988068983185,0.09685478920091943,0.09685478920091943,2,4,1,3,1,2,87,278,24.5,48.33156481010148,214,7,4,South Bucks,742,0.010593492568850563,2,11,1.5704638579158516e-4,4,62.833333333333336,8.97067991567085e-4,4
E07000007,Wycombe,0.09164347372459411,0.1688991009827981,0.11234134746799372,0.22711791618233976,0.10393098142083353,0.0795617415455887,2,2,1,2,1,1,33,305,125.5,81.50175279942833,297,10,5,Wycombe,2868,0.016422260523015788,3,9,5.15342903441918e-5,2,157.5,9.018500810233565e-4,4
E07000008,Cambridge,0.1320313618219119,0.14713539203532935,0.13927606154175814,0.07754733192656572,0.06701760524181365,0.13873471270217402,1,2,1,3,1,1,7,125,125.5,22.68810167280109,83,3,2,Cambridge,3774,0.030010019243308577,4,NA,NA,NA,84.66666666666667,6.732507408408743e-4,2
E07000009,East Cambridgeshire,0.16632349320740358,0.07074595465634162,0.20983704365095726,0.3012252352642534,0.2604686555806719,0.07074595465634162,3,2,1,2,1,1,29,299,125.5,73.81851193445242,282,9,5,East Cambridgeshire,3205,0.035865356639287395,4,4,4.476175555605291e-5,1,50,5.595219444506613e-4,1
E07000010,Fenland,0.3582763107332825,0.37304827132714385,0.6133836082950574,0.2987700231651342,0.2993760660136315,0.39169254831514744,4,3,4,4,3,4,202,156,260,53.68347579858226,240,8,4,Fenland,20986,0.20677695559212148,5,NA,NA,NA,68.66666666666667,6.765788756310084e-4,2
E07000011,Huntingdonshire,0.1219405624496986,0.19499167281956073,0.07591327446339245,0.11158035996210926,0.06384973920434177,0.06741695373577612,3,2,1,2,1,1,36,296,125.5,70.76469895501081,276,9,5,Huntingdonshire,15407,0.08687243448058099,5,14,7.893905904641616e-5,3,91.83333333333333,5.178026373163727e-4,1
E07000012,South Cambridgeshire,0.3626536447900521,0.21023602499414437,0.1151143504492858,0.07778610500120117,0.04041417225858468,0.10094053816732551,2,2,1,2,1,1,12,284,125.5,61.47967390529898,259,9,5,South Cambridgeshire,4791,0.03041537846228074,4,18,1.1427192910061643e-4,4,79.16666666666667,5.025848733591927e-4,1
E07000026,Allerdale,0.9201403605911022,0.5543425761179225,0.425732010514767,0.39869671718439104,0.23874041898248957,0.6243902228424733,5,4,4,3,3,4,247,239,260,69.889716399065,274,9,5,Allerdale,3752,0.03847139766423657,4,43,4.4090354465942767e-4,5,72.33333333333333,7.416749549697348e-4,2
E07000027,Barrow-in-Furness,0.933526379288854,0.48422012961713007,0.42678250991883837,0.29236945193763264,0.32883996823463096,0.4002703035348772,5,4,5,3,3,4,244,131,260,50.422592983532965,228,8,4,Barrow-in-Furness,1217,0.018127113216259292,3,NA,NA,NA,67.16666666666667,0.0010004418825188296,5
E07000028,Carlisle,0.7561843209979056,0.41494719458004525,0.42524423933147937,0.09627793292359299,0.2625849963556515,0.5441884417096049,5,4,4,2,2,4,218,186,260,58.32607631277951,252,8,4,Carlisle,5879,0.05424082223882938,4,163,0.0015038703903604675,5,97.33333333333333,8.980166748164754e-4,4
E07000029,Copeland,0.9379184819730843,0.4640108195339277,0.5900583128726763,0.4131242038804482,0.46356230039321383,0.8005264773209769,5,4,5,3,3,5,275,252,260,73.90643937978678,283,9,5,Copeland,1539,0.02249210803226938,3,4,5.8459020226820995e-5,2,72.66666666666667,0.0010620055341205815,5
E07000030,Eden,0.958268863854195,0.47492532886650163,0.14037177814337853,0.14037177814337853,0.14037177814337853,0.5715664466095175,5,4,2,3,2,3,127,135,125.5,23.89809272978198,88,3,2,Eden,1146,0.02167129971067113,3,27,5.105803596754978e-4,5,44.666666666666664,8.446638048952679e-4,4
E07000031,South Lakeland,0.3865364320570684,0.651292326499868,0.1665876931163864,0.16977561139676187,0.12528873052220724,0.23557626272085908,4,5,2,2,1,2,117,177,125.5,29.816184109288443,112,4,2,South Lakeland,4398,0.04207324073011135,4,12,1.1479738261967628e-4,4,80.16666666666667,7.669102922231152e-4,3
E07000032,Amber Valley,0.7054126459045353,0.19297460365734587,0.21291128937770942,0.3279719570797405,0.2042124001093531,0.38713910777512145,5,3,3,4,2,3,161,295,260,96.84683133229491,310,10,5,Amber Valley,1771,0.013980328075908998,2,8,6.315224427288085e-5,2,79,6.236284121946984e-4,1
E07000033,Bolsover,0.6542615497627509,0.29367246388320856,0.5748684045080638,0.5108586961557042,0.5314483445505502,0.42825716214338183,5,3,5,4,3,4,253,187,260,58.498196876266775,253,9,5,Bolsover,NA,NA,NA,NA,NA,NA,59.333333333333336,7.460497087053104e-4,3
E07000034,Chesterfield,0.9599789127595915,0.4733374934353891,0.5692089819973721,0.39717616095520364,0.3777917705434592,0.6672780306368628,5,4,5,3,3,5,270,303,260,105.66204816946696,312,10,5,Chesterfield,758,0.0072447146079443366,1,NA,NA,NA,91.33333333333333,8.729339501217009e-4,4
E07000035,Derbyshire Dales,0.7237288154183756,0.3746849322480939,0.22861469636133766,0.15712164631537998,0.12812426191700127,0.30540190835815245,5,4,1,3,1,2,88,159,125.5,27.091607950557044,101,4,2,Derbyshire Dales,2739,0.03805382274893369,4,5,6.946663517512539e-5,3,47.333333333333336,6.576174796578537e-4,1
E07000036,Erewash,0.4231281815240326,0.28635523239651645,0.24502160132342282,0.27388794199543365,0.38029430663853325,0.29776446810159,4,3,3,4,3,4,195,298,125.5,72.75488061429463,280,9,5,Erewash,22986,0.19903021906658586,5,NA,NA,NA,84.83333333333333,7.34551332005657e-4,2
E07000037,High Peak,0.8234655709768125,0.1485039941239551,0.3057503171728782,0.36298982022019183,0.21546097218409552,0.13022365039587397,4,3,3,2,2,3,138,277,125.5,57.406264553276834,249,8,4,High Peak,862,0.009347111829192917,2,NA,NA,NA,68.66666666666667,7.445881812891496e-4,2
E07000038,North East Derbyshire,0.8530743608093163,0.4205142931494372,0.24218315008782773,0.0814277275388719,0.25218294190358465,0.5348335176631318,5,4,3,3,2,4,203,279,260,85.51454433691868,301,10,5,North East Derbyshire,1148,0.011352286773794809,2,NA,NA,NA,64,6.328800988875154e-4,1
E07000039,South Derbyshire,0.22527726611754903,0.20084364754727968,0.14821141380913452,0.2112135438938997,0.11856780131834566,0.12398012558887096,3,2,2,3,2,3,163,170,125.5,28.717957906810483,107,4,2,South Derbyshire,6360,0.06086532112198903,4,NA,NA,NA,71.16666666666667,6.810663553220471e-4,2
E07000040,East Devon,0.8378228227844916,0.5448967969998793,0.1528659679368116,0.08573635232089591,0.198961441971858,0.4620350558693344,5,5,2,1,1,3,177,238,125.5,42.59178507220992,179,6,3,East Devon,11416,0.07910363990382284,5,47,3.256719582585558e-4,5,117.33333333333333,8.130250305461819e-4,3
E07000041,Exeter,0.2819731757630344,0.16474223326279633,0.25732140176552337,0.05363878921703929,0.25083381353374234,0.09695264416907573,2,3,2,1,1,1,47,268,125.5,53.04706895045318,238,8,4,Exeter,14674,0.11250651700555095,5,5,3.833532677032539e-5,1,118.33333333333333,9.072694002310342e-4,4
E07000042,Mid Devon,0.502518256287024,0.25292799597991245,0.196305578193602,0.07720178713507558,0.1553736458779607,0.30543004951021285,4,3,3,2,1,1,62,160,125.5,27.23479650023532,102,4,2,Mid Devon,5486,0.06715221249770488,4,18,2.2033172164759166e-4,5,67.33333333333333,8.242038476446947e-4,4
E07000043,North Devon,0.6422654140814527,0.5050625927528215,0.2673650805820086,0.33713453334720633,0.2519565300724499,0.4998506097727932,5,4,3,3,2,3,156,165,125.5,27.964424014818377,104,4,2,North Devon,7588,0.0789512017479971,5,27,2.8092810321506606e-4,5,76.66666666666667,7.976970832032741e-4,3
E07000044,South Hams,0.515460850604841,0.2997682210769265,0.12572739941850775,0.1888102727446421,0.10118184664988808,0.27056978425697975,4,4,2,2,1,2,104,178,125.5,29.97744355567697,113,4,2,South Hams,2787,0.032323911808028204,4,13,1.5077533315549575e-4,4,69,8.002690759791698e-4,3
E07000045,Teignbridge,0.5140331595904337,0.5179150772809896,0.1581154745811866,0.08015079816611173,0.12903355974320493,0.2456938807528894,5,5,3,2,1,3,155,222,125.5,38.49792385642441,143,5,3,Teignbridge,9644,0.07259642889404114,4,NA,NA,NA,122,9.183704194393424e-4,5
E07000046,Torridge,0.8764854018291256,0.4179719969692218,0.553268552123746,0.4984156769394392,0.4532076121654385,0.3457498820205496,5,4,3,2,2,3,184,175,260,56.51317934785354,247,8,4,Torridge,2720,0.03991605887618684,4,5,7.337510822828463e-5,3,53.666666666666664,7.875594949835884e-4,3
E07000047,West Devon,0.9768482851704973,0.7339871207697966,0.3639201464979261,0.2632459015461142,0.6239864288476558,0.4079011821442382,5,5,3,2,1,4,238,145,125.5,25.1752914056539,92,3,2,West Devon,2584,0.04653508140037459,4,10,1.8008932430485522e-4,5,49,8.824376890937905e-4,4
E07000061,Eastbourne,0.7119125119895513,0.6001609661027326,0.35529563172180156,0.244343023611763,0.3632492194036856,0.6233622017918001,5,5,4,2,2,5,268,157,260,53.82403907237434,241,8,4,Eastbourne,23035,0.22329391236913532,5,11,1.0663047692904227e-4,3,97,9.402869329197363e-4,5
E07000062,Hastings,0.3959585261684176,0.4786880790366417,0.5087833039062035,0.09678686917066505,0.23950182656037003,0.35467004299289495,4,5,5,2,3,4,210,143,260,51.93027609559544,236,8,4,Hastings,1754,0.018889666684615797,3,6,6.461687577405632e-5,2,116.83333333333333,0.0012582341643781524,5
E07000063,Lewes,0.4325704254211797,0.6228563225103169,0.248482124196265,0.07365075998803361,0.10100226111295522,0.4112422751283722,4,5,3,2,1,3,187,261,24.5,40.534731588933106,159,6,3,Lewes,4002,0.038951179630927354,4,NA,NA,NA,96,9.34361130576968e-4,5
E07000064,Rother,0.7550764141683136,0.7387971095988696,0.22262652795323593,0.16572201705233222,0.147163685222926,0.5898247503114229,5,5,3,2,2,5,271,218,125.5,37.57897669453822,139,5,3,Rother,5666,0.059233085222045664,4,10,1.0454127289453877e-4,3,83.83333333333333,8.764043377658833e-4,4
E07000065,Wealden,0.37478742822406413,0.7128542137300485,0.04984584295137719,0.12882611945815844,0.03961479631652879,0.33834565812064105,4,5,2,1,1,3,185,203,125.5,34.42704367367522,128,5,3,Wealden,3041,0.018985484626190104,3,4,2.4972686124551273e-5,1,120.33333333333333,7.512616409135841e-4,3
E07000066,Basildon,0.08678949124109625,0.18364096112055972,0.27676868633151136,0.2542999078546675,0.29234335718238036,0.23385535334931576,3,2,3,3,3,5,285,147,125.5,25.439467961806002,94,4,2,Basildon,315,0.0016948058236756303,1,5,2.6901679740883022e-5,1,144.33333333333334,7.765618218534899e-4,3
E07000067,Braintree,0.20842940084225248,0.22810798084078704,0.2103557921267761,0.07266381193050983,0.12820294000088203,0.13995334169774964,3,3,3,1,1,1,53,290,125.5,65.65679210497852,270,9,5,Braintree,1617,0.01066897156920316,2,NA,NA,NA,97.16666666666667,6.411060013239994e-4,1
E07000068,Brentwood,0.08095362508164598,0.4071563477603217,0.18685688748324106,0.27212100794114613,0.1512430128227165,0.14443091890405307,2,3,1,1,1,1,20,190,125.5,32.00626323853355,119,4,2,Brentwood,1008,0.013167864141084258,2,NA,NA,NA,55.833333333333336,7.293707816242108e-4,2
E07000069,Castle Point,0.5230338099606738,0.3085847264992725,0.22201533310349258,0.24391113928932467,0.1856974692198465,0.2931980973862434,4,3,2,2,2,5,292,174,260,56.35524194498691,246,8,4,Castle Point,38849,0.43132008437881647,5,4,4.440990340846009e-5,1,63.5,7.050072166093039e-4,2
E07000070,Chelmsford,0.05030147115426626,0.22906288332207358,0.046301368315836436,0.09091422472455797,0.11544402869846078,0.1016023475695207,2,2,1,2,1,1,42,167,24.5,18.64860427567984,63,3,1,Chelmsford,2539,0.014338233217942274,2,9,5.082477312385997e-5,2,125.33333333333333,7.077820257248647e-4,2
E07000071,Colchester,0.038125314897440823,0.2934086070919209,0.18963474493956564,0.13756907240337926,0.11916082753748901,0.20723008624806824,2,3,2,3,2,3,164,237,125.5,42.31342529123329,176,6,3,Colchester,4081,0.021197467315593462,3,NA,NA,NA,150,7.791276886397988e-4,3
E07000072,Epping Forest,0.0818330608849002,0.4193955858939004,0.1357287657784968,0.06176842779527878,0.1550344697770873,0.09531484349633548,2,4,1,2,1,2,84,270,125.5,53.94688838515751,242,8,4,Epping Forest,3217,0.02453159672708694,3,NA,NA,NA,105.33333333333333,8.032312263764866e-4,3
E07000073,Harlow,0.23995189894036661,0.11977224628423264,0.4563421800221967,0.6195665069781181,0.5262588996685075,0.28331460305381556,2,1,4,4,3,4,224,134,260,50.79034998850009,230,8,4,Harlow,256,0.0029563249185855832,1,NA,NA,NA,72.83333333333333,8.41089836863216e-4,4
E07000074,Maldon,0.21896378898351815,0.14024197863692991,0.11422894838960031,0.10717889018238262,0.10717889018238262,0.10717889018238262,3,3,2,2,1,2,71,181,125.5,30.468118755737578,115,4,2,Maldon,6405,0.09941792782305006,5,5,7.760962359332557e-5,3,51.5,7.993791230112534e-4,3
E07000075,Rochford,0.17110584949284144,0.465510888947919,0.20590328559352644,0.08881298335571168,0.07358331129786964,0.27490625599420077,3,4,1,2,1,4,220,209,260,62.65265348570091,263,9,5,Rochford,1971,0.022660121175888986,3,NA,NA,NA,47.833333333333336,5.49928528452574e-4,1
E07000076,Tendring,0.7213157479612903,0.6133963202692024,0.3396411415980539,0.13642362423414142,0.30030650585848173,0.704220871926323,5,5,4,3,3,5,305,244,260,71.35279495336718,277,9,5,Tendring,8892,0.0609863994568013,4,18,1.2345424991255324e-4,4,132.66666666666666,9.099035456517812e-4,4
E07000077,Uttlesford,0.15410239370727472,0.4016858465026874,0.18537332662103007,0.40318023891628957,0.3346742004991734,0.5322347838557697,3,3,1,2,1,1,34,150,125.5,25.84151076400716,96,4,2,Uttlesford,637,0.00714293723858756,1,11,1.2334742484217137e-4,4,61.66666666666667,6.914931392667183e-4,2
E07000078,Cheltenham,0.12779670159256712,0.35410945696292995,0.16402728895002044,0.20854740617878284,0.19409920843615572,0.19296106009322564,3,4,2,3,2,3,151,193,24.5,22.9284412843818,84,3,2,Cheltenham,1554,0.013271842172687676,2,18,1.5372790161414298e-4,4,105.83333333333333,9.038631252313035e-4,4
E07000079,Cotswold,0.40141384329598,0.4571559780018895,0.13930264429017547,0.07437487362674396,0.07437487362674396,0.21330602488562853,4,4,1,2,1,2,65,153,24.5,16.636429165532522,51,2,1,Cotswold,2769,0.031104670755543573,4,7,7.863224820830806e-5,3,67.33333333333333,7.56367339908487e-4,3
E07000080,Forest of Dean,0.737615921990711,0.22653965141757942,0.4200875500283704,0.22086203572668772,0.32046846806303164,0.6162803461862889,5,4,3,2,2,3,130,250,125.5,46.224798280197675,199,7,4,Forest of Dean,1613,0.018638133644546643,3,6,6.932969737587096e-5,3,58.666666666666664,6.778903743418493e-4,2
E07000081,Gloucester,0.20451063847110523,0.18268093949922956,0.3486005418465528,0.558180783784499,0.41241009764229575,0.2370495620650419,3,2,3,4,3,3,170,276,24.5,47.264778359065886,208,7,4,Gloucester,3792,0.02933054878756236,3,39,3.0165912518853697e-4,5,110,8.508334300189504e-4,4
E07000082,Stroud,0.3653192480103795,0.43946203193563516,0.20740456742643035,0.14979120980683758,0.14874783371606745,0.22310979980639978,4,4,2,2,1,2,73,206,24.5,25.409541627081534,93,3,2,Stroud,1851,0.015552138734151691,2,24,2.01648476293701e-4,5,86.83333333333333,7.295753899237376e-4,2
E07000083,Tewkesbury,0.2946844657297083,0.31629206522066566,0.24823378222227022,0.2880658311076452,0.17257688925821071,0.26935925191871457,4,4,2,3,2,3,142,225,24.5,29.59778341016703,110,4,2,Tewkesbury,1565,0.016900830462531994,3,137,0.0014794976187647816,5,63.5,6.857525459238221e-4,2
E07000084,Basingstoke and Deane,0.07804740313359294,0.20967497501385957,0.14976804894857543,0.06710040370175248,0.13379542842732423,0.09135206991866364,2,2,2,2,1,1,50,307,24.5,75.14890090302602,287,10,5,Basingstoke and Deane,1918,0.01091453317323834,2,17,9.673986649898423e-5,3,111.16666666666667,6.326028524982596e-4,1
E07000085,East Hampshire,0.23353477785497126,0.5325241534990682,0.04888922034123019,0.1573252711912528,0.12445206784829427,0.2918997409002158,3,4,1,1,1,2,75,264,125.5,51.34661644154083,233,8,4,East Hampshire,1007,0.00834431269213878,1,NA,NA,NA,65,5.386100546067732e-4,1
E07000086,Eastleigh,0.3597101847389622,0.4432501743818577,0.1954496416737304,0.23508640835659422,0.24002244305489065,0.1457898210504755,3,3,2,3,2,1,51,285,125.5,62.12527799773797,261,9,5,Eastleigh,5584,0.04236111637927765,4,NA,NA,NA,81,6.144789446134473e-4,1
E07000087,Fareham,0.4634182726433323,0.4414977147094177,0.0681886555669208,0.24022054875022672,0.10747414203772007,0.32208842036498597,4,4,1,4,2,4,237,304,125.5,80.02952232629073,295,10,5,Fareham,2418,0.020784087881106077,3,5,4.2977849216513806e-5,1,73.33333333333333,6.303417885088692e-4,1
E07000088,Gosport,0.4276521142919209,0.22301961210261562,0.46666096840426635,0.4420602119136472,0.3377174571102897,0.48126948234886074,4,3,3,4,3,4,211,248,260,72.59419459512746,279,9,5,Gosport,1358,0.01592345485032187,2,NA,NA,NA,64.5,7.563054770587339e-4,3
E07000089,Hart,0.20165599292072933,0.38973224265632245,0.1652145015733231,0.3348337612123524,0.10225971500360467,0.19010714010473512,3,2,1,1,1,2,118,191,125.5,32.183695074097635,121,4,2,Hart,4593,0.047698171206629766,4,NA,NA,NA,45.666666666666664,4.742470030704897e-4,1
E07000090,Havant,0.5243095538198504,0.46345520314819777,0.29414306194615486,0.2700865779496471,0.23942490672246655,0.42956154225548604,5,4,3,4,3,5,306,256,260,75.29810740519608,288,10,5,Havant,4959,0.0394156406730624,4,6,4.768982537575608e-5,2,106.66666666666667,8.478191177912193e-4,4
E07000091,New Forest,0.6251913810383664,0.5289984765644786,0.1303634929451437,0.15070036163659664,0.11090956098529356,0.37467261361862925,5,5,2,3,2,3,179,287,125.5,63.47353523584567,265,9,5,New Forest,8014,0.044583400555206314,4,5,2.781594743898572e-5,1,128.16666666666666,7.130154526860006e-4,2
E07000092,Rushmoor,0.5067481681121514,0.15214084432244765,0.08298039827449054,0.22008004102455164,0.19915110267312353,0.11345340869990451,2,2,2,3,2,3,136,232,125.5,40.970023094512754,165,6,3,Rushmoor,365,0.0038363708982363204,1,NA,NA,NA,69.66666666666667,7.322388289784392e-4,2
E07000093,Test Valley,0.5341662283119538,0.3298153738251147,0.25882905259457634,0.06980923896155555,0.13797072673534852,0.04783133203908316,3,3,2,2,1,1,31,227,125.5,39.70077600145761,152,5,3,Test Valley,2153,0.017200744593309846,3,6,4.79351916209285e-5,2,87,6.950602785034633e-4,2
E07000094,Winchester,0.10360606451968046,0.25750398563688676,0.06656744036365099,0.1324581799242464,0.15181618009785716,0.14048822728610416,3,4,1,2,1,1,16,236,24.5,32.42411676402578,123,4,2,Winchester,2956,0.023782131220081257,3,NA,NA,NA,88.33333333333333,7.106748729501052e-4,2
E07000095,Broxbourne,0.18624090264059753,0.15607901364957047,0.19481746606079176,0.1784449899057069,0.1531751387014545,0.15066683182625212,2,1,2,3,2,3,175,310,125.5,90.73043676244616,305,10,5,Broxbourne,1476,0.015235971757710888,2,NA,NA,NA,79.83333333333333,8.240775148987709e-4,4
E07000096,Dacorum,0.14643244340433662,0.10574162834490945,0.10113924784738615,0.23323301447811906,0.10879985808441248,0.09156509695290858,2,2,2,2,1,1,61,228,125.5,39.94908376222079,154,5,3,Dacorum,1506,0.009761472647135078,2,NA,NA,NA,100.66666666666667,6.5249330222107e-4,1
E07000098,Hertsmere,0.31080441134504605,0.2889897696595022,0.08578283191785423,0.17540409971235849,0.08578283191785423,0.22243225019508608,2,3,2,3,1,3,146,207,125.5,35.22623540935673,131,5,3,Hertsmere,3015,0.028933352526270332,3,6,5.75788109975529e-5,2,88.83333333333333,8.524862850471026e-4,4
E07000099,North Hertfordshire,0.407550850116117,0.47203903414608706,0.1360242680356814,0.11700419902128195,0.19087678867323096,0.21519164257273418,2,4,1,3,1,2,107,196,24.5,23.477708493180952,85,3,2,North Hertfordshire,634,0.004759259537285871,1,NA,NA,NA,96.83333333333333,7.269005760155338e-4,2
E07000102,Three Rivers,0.17658552313396744,0.3796717490970696,0.08357246493632113,0.10161333932930018,0.08357246493632113,0.17592172434956485,2,4,1,2,1,1,56,251,125.5,46.55513137087703,204,7,4,Three Rivers,510,0.005481218765113655,1,NA,NA,NA,69.5,7.469504003439196e-4,3
E07000103,Watford,0.28404392972158293,0.15062135145028235,0.2556519920612344,0.0988508479130282,0.11258002809787808,0.17670280157491708,1,2,2,3,2,2,112,141,125.5,24.655870600457543,90,3,2,Watford,NA,NA,NA,NA,NA,NA,72.16666666666667,7.457776583614938e-4,3
E07000105,Ashford,0.2088790268769905,0.1701878283087147,0.1964907938195827,0.13498808592787884,0.30453821724118696,0.063737130746204,3,2,3,3,2,2,76,229,125.5,40.200101534855214,156,5,3,Ashford,2089,0.016158600258351963,2,8,6.188070946233398e-5,2,79.16666666666667,6.123611873876801e-4,1
E07000106,Canterbury,0.44489730872184197,0.3769753913872574,0.23208008170140032,0.0975243778440285,0.22044290961126906,0.25445788223087296,3,4,3,2,1,2,101,243,125.5,44.03647751843188,187,6,3,Canterbury,7711,0.046860282097561275,4,20,1.2154138788110821e-4,4,85.5,5.195894331917376e-4,1
E07000107,Dartford,0.06085188999990885,0.16690109864805028,0.28153397192860924,0.49740301016420946,0.28819232793356203,0.24623060239264544,2,2,2,4,2,2,116,133,125.5,23.650948450846016,86,3,2,Dartford,2641,0.024072774339388748,3,NA,NA,NA,62.5,5.696889042831491e-4,1
E07000108,Dover,0.5397520080669147,0.4477595728242886,0.47234757657337006,0.1514076379211586,0.2975103389967022,0.4252344188361198,4,4,4,2,2,2,103,208,260,62.44661040561087,262,9,5,Dover,4664,0.03987381271960947,4,NA,NA,NA,69.16666666666667,5.913247669610467e-4,1
E07000109,Gravesham,0.08192800231532442,0.08282677365972152,0.40219347306085396,0.2537385315994785,0.5143179316435093,0.3076832161241568,2,1,3,2,2,1,60,263,260,77.9566069387136,293,10,5,Gravesham,3713,0.03490153687079946,4,6,5.639892842036001e-5,2,62,5.827889270103868e-4,1
E07000110,Maidstone,0.08912565090759318,0.15746812236675653,0.10993730538579097,0.23940369664415811,0.12034690297276833,0.1386171571731836,3,3,2,2,2,2,98,127,260,49.941222319721504,224,8,4,Maidstone,3566,0.02098202465358477,3,29,1.7063340295960696e-4,4,93.16666666666667,5.48184323301266e-4,1
E07000111,Sevenoaks,0.2509393074016207,0.24255543591590184,0.0800960986923595,0.09806894744280084,0.0800960986923595,0.08974184524015265,3,3,1,2,1,1,22,163,24.5,18.055512348655192,59,2,1,Sevenoaks,2106,0.017507253123623154,3,5,4.156517835618033e-5,1,73.16666666666667,6.082371099454388e-4,1
E07000112,Folkestone and Hythe,0.3626529115252022,0.4105967464896853,0.3805264139670179,0.24789542408491516,0.29906142267676866,0.29278521277878916,4,4,4,2,2,3,131,128,260,50.060623782938194,226,8,4,Folkestone and Hythe,18245,0.162065412425163,5,20,1.7765460391906056e-4,4,63,5.596120023450407e-4,1
E07000113,Swale,0.3842257467678245,0.15401660464494885,0.28694581341887493,0.14869912089929305,0.17448451571498383,0.1058185006277772,3,2,4,3,3,3,144,271,260,81.42651452334046,296,10,5,Swale,25393,0.17097475743844223,5,10,6.733145254142568e-5,2,84.16666666666667,5.667063922236661e-4,1
E07000114,Thanet,0.35192970209247443,0.46958638160353394,0.4731617877643149,0.21267141474993514,0.36945756655722395,0.42292501450143455,5,4,5,3,3,3,188,200,260,60.86152327528712,256,9,5,Thanet,NA,NA,NA,19,1.3397358604982408e-4,4,121,8.53200205896248e-4,4
E07000115,Tonbridge and Malling,0.17866771224349223,0.13993395040917028,0.1659561301343898,0.15026947329705942,0.07659147331964324,0.07209519722928863,2,2,2,3,2,1,35,149,125.5,25.706714124747833,95,4,2,Tonbridge and Malling,7863,0.06024918012688877,4,35,2.68182793391976e-4,5,60.333333333333336,4.6229605337093e-4,1
E07000116,Tunbridge Wells,0.12280236608938104,0.4114365147795879,0.11609094143358124,0.08857815290594045,0.08980872268087842,0.06591898622664205,3,4,1,1,1,2,67,260,125.5,49.76327437272438,222,8,4,Tunbridge Wells,1898,0.016077388313822487,2,23,1.948260965320955e-4,5,73.66666666666667,6.24008222225987e-4,1
E07000117,Burnley,0.6101793208494821,0.3202863176443939,0.7198315946428476,0.3734340341008066,0.50532035126958,0.4194329056909786,4,3,5,3,4,5,286,124,260,49.586692622055466,221,8,4,Burnley,1592,0.017983214160651552,3,9,1.0166389914941205e-4,3,99.33333333333333,0.0011220682202416588,5
E07000118,Chorley,0.46748919512037984,0.22938120804703913,0.2965098425436306,0.12619637601206343,0.25121400306992386,0.2844662481826672,4,3,3,2,2,4,219,220,260,65.05002245778292,269,9,5,Chorley,2886,0.024704462382619564,3,11,9.416115253250699e-5,3,88.16666666666667,7.547159043893364e-4,3
E07000119,Fylde,0.8743618825175009,0.7193803236937775,0.28962513938098344,0.20862957977870586,0.20436897527760733,0.7039243416928933,5,5,3,1,1,5,283,152,125.5,26.113497463964748,98,4,2,Fylde,3696,0.046333207972922154,4,NA,NA,NA,66.5,8.336467343612887e-4,4
E07000120,Hyndburn,0.6154886566785087,0.3681195843658518,0.7749235257915251,0.6055339192502694,0.673716219956561,0.6545917413716187,4,3,5,4,4,5,279,139,260,51.41665521611812,234,8,4,Hyndburn,1381,0.017088411804739218,3,5,6.186970240673143e-5,2,89,0.0011012807028398194,5
E07000121,Lancaster,0.4318312940539444,0.44703979750966366,0.33953835808271976,0.19758251072546387,0.188383642125988,0.359903184399166,4,3,4,2,2,2,124,169,260,55.58142453268245,245,8,4,Lancaster,3856,0.02673211042247272,3,48,3.3276486003078074e-4,5,143,9.91361978841701e-4,5
E07000122,Pendle,0.5935693947411607,0.2759478204290333,0.5398373922882257,0.24222719015140828,0.36092598297340633,0.2707155545446955,4,3,4,3,3,3,180,136,260,51.03882928549624,231,8,4,Pendle,2278,0.024922050216071332,3,10,1.0940320551392156e-4,3,85,9.299272468683333e-4,5
E07000123,Preston,0.21596041182508938,0.3275258095809974,0.4875974469872802,0.24726621444386465,0.44226130080733567,0.16942224318641164,3,3,4,3,3,3,145,126,260,49.82243751352033,223,8,4,Preston,3158,0.022267977266637522,3,18,1.2692323964517903e-4,4,149.66666666666666,0.0010553432333460257,5
E07000124,Ribble Valley,0.739099127758454,0.4097011347991338,0.1562598864412142,0.14224819754566495,0.14224819754566495,0.30878305960214986,5,5,2,1,1,3,152,189,125.5,31.830189716101174,118,4,2,Ribble Valley,1461,0.024326889455017733,3,20,3.3301696721447957e-4,5,50.333333333333336,8.380927008231069e-4,4
E07000125,Rossendale,0.8208073095497047,0.14573784061677572,0.6756149012067513,0.14810635446787504,0.3175533498390874,0.30001191532325416,4,3,4,3,3,4,194,185,260,58.155234252246146,251,8,4,Rossendale,2005,0.02828126101981804,3,10,1.4105367092178575e-4,4,59.333333333333336,8.369184474692621e-4,4
E07000126,South Ribble,0.4170491325529889,0.18772398075630958,0.18629922767144774,0.1423019047977322,0.26378958130259195,0.11129797767918577,4,3,3,2,2,2,126,267,260,79.62618650518019,294,10,5,South Ribble,3771,0.03411836021967483,4,8,7.238050431116379e-5,3,84.16666666666667,7.61503222440369e-4,3
E07000127,West Lancashire,0.6760715666426947,0.3782293417507648,0.2931478810234126,0.06337045520364373,0.2081025629656111,0.29997367243240397,4,3,4,1,2,3,182,257,260,75.65959156337246,289,10,5,West Lancashire,5106,0.04480952004844273,4,7,6.143099105740288e-5,2,91.5,8.029908116789089e-4,3
E07000128,Wyre,0.9853847911994726,0.6330985355641605,0.3394046905292686,0.08772321798264936,0.21169698429470996,0.8143712938965199,5,5,4,2,2,5,297,210,260,62.860559078740266,264,9,5,Wyre,37481,0.33698965142101905,5,NA,NA,NA,100.5,9.035900847846219e-4,4
E07000129,Blaby,0.1664140023134184,0.22093599105659906,0.3917459862400347,0.19418540051645727,0.19920285597633963,0.24816260385880706,3,3,2,3,2,3,178,241,260,70.46382848041051,275,9,5,Blaby,626,0.006233755887712729,1,4,3.983230599177463e-5,1,57.5,5.725893986317603e-4,1
E07000130,Charnwood,0.07590216980667203,0.19381772090909588,0.10536148027630549,0.2097593176449772,0.16421111417528067,0.1005131091225707,3,3,2,3,2,2,74,292,125.5,67.23665555706474,272,9,5,Charnwood,7045,0.03857251578215426,4,15,8.212742891871028e-5,3,108.66666666666667,5.949675961666567e-4,1
E07000131,Harborough,0.4760599972346785,0.4878233960993034,0.07302781651693532,0.12070409296032218,0.07302781651693532,0.1099872203454831,3,4,1,1,1,3,153,182,24.5,21.019753879824293,76,3,2,Harborough,948,0.010248759446048066,2,NA,NA,NA,49.833333333333336,5.387445630042848e-4,1
E07000132,Hinckley and Bosworth,0.5219195407195661,0.21225765284028317,0.3564713532583939,0.1451111099667281,0.18699507545983518,0.2359777709843041,4,3,2,3,2,4,230,301,125.5,76.10578144146247,290,10,5,Hinckley and Bosworth,NA,NA,NA,NA,NA,NA,60.166666666666664,5.351811165568137e-4,1
E07000133,Melton,0.794828715624678,0.21179560201874545,0.36176125244618396,0.4130504171387372,0.36176125244618396,0.3865319291379133,4,3,2,3,2,3,173,205,125.5,34.82316848009738,130,5,3,Melton,1110,0.02172211350293542,3,NA,NA,NA,33.166666666666664,6.49054142204827e-4,1
E07000134,North West Leicestershire,0.6837821854736719,0.09635955378134543,0.13065215105798098,0.2036779901401468,0.06873861700252629,0.11377779461284666,4,2,2,2,1,2,86,176,125.5,29.656047430604303,111,4,2,North West Leicestershire,1865,0.018261755086853494,3,7,6.854278048684958e-5,3,45,4.406321602726044e-4,1
E07000135,Oadby and Wigston,0.35640234340407945,0.4971497070283673,0.14184310151430174,0.21657835699737282,0.1556490207220238,0.2394794495527939,3,4,2,4,2,4,205,265,125.5,51.76008925783619,235,8,4,Oadby and Wigston,453,0.007939568143578239,1,NA,NA,NA,32.5,5.696158160403814e-4,1
E07000136,Boston,0.19495141712077962,0.4028088233731981,0.6387436132065307,0.19972153808099524,0.3113942519996904,0.1057866966525387,4,3,3,3,2,3,149,164,260,54.83279643872034,244,8,4,Boston,66489,0.9585243491047487,5,49,7.06397947121068e-4,5,47.166666666666664,6.799680919566742e-4,2
E07000137,East Lindsey,0.9964058092524566,0.7859987681740143,0.488569054990522,0.3394129156244075,0.405099269692481,0.9382382682037441,5,5,5,4,3,5,298,211,125.5,36.05419980953413,134,5,3,East Lindsey,54321,0.38596428901315183,5,NA,NA,NA,119.5,8.490773832785045e-4,4
E07000138,Lincoln,0.2642193851332357,0.23218171363646747,0.33094833454763434,0.20181898040165996,0.2362743331840035,0.1442505371355569,3,3,4,3,3,3,150,179,125.5,30.139841625144406,114,4,2,Lincoln,6227,0.06287422126636981,4,NA,NA,NA,101.33333333333333,0.001023165958191554,5
E07000139,North Kesteven,0.6509640538817406,0.4358220323408426,0.21720301853914867,0.2652673553522121,0.15984523860844072,0.2608629518789861,5,4,2,2,1,3,162,259,125.5,49.383902398729575,220,7,4,North Kesteven,3224,0.027796697848859766,3,18,1.551924817864379e-4,4,73.66666666666667,6.351396013852366e-4,1
E07000140,South Holland,0.7863814809421936,0.46160482073453474,0.2204253144566033,0.4407804572081406,0.22136487606545624,0.4552347363940816,5,4,3,4,2,5,264,223,260,65.7496756927607,271,9,5,South Holland,73749,0.7847307937859119,5,NA,NA,NA,69.66666666666667,7.412924735759382e-4,2
E07000141,South Kesteven,0.6437718883929879,0.4342918744274558,0.16442028385945867,0.21009369595730493,0.15793115333998464,0.25003365233171326,5,3,3,3,2,4,209,281,24.5,50.03067793733392,225,8,4,South Kesteven,1384,0.009756578993747048,2,NA,NA,NA,103.5,7.296285591422106e-4,2
E07000142,West Lindsey,0.7398076904939831,0.7976730793875877,0.1939516596570007,0.2898314074088868,0.1939516596570007,0.6579716018376587,5,5,3,2,2,5,265,197,125.5,33.27802905156003,126,5,2,West Lindsey,11954,0.12600533367064057,5,5,5.270425534157628e-5,2,73.5,7.747525535211713e-4,3
E07000143,Breckland,0.49519086025465664,0.42364915529354785,0.22418601409537667,0.3497800359693886,0.21982033437705756,0.2790102827423618,5,4,3,3,2,3,147,309,260,115.58088165935852,314,10,5,Breckland,558,0.004004909243588916,1,7,5.024079696258496e-5,2,95.5,6.854280157038377e-4,2
E07000144,Broadland,0.27392632213141144,0.6141888458323712,0.11394773023673314,0.06415866064778829,0.046854724093184204,0.27784771299967154,4,5,2,2,1,4,242,300,125.5,74.93372577791487,286,10,5,Broadland,977,0.007546499412964222,1,NA,NA,NA,84,6.488290181054193e-4,1
E07000145,Great Yarmouth,0.5739314258777667,0.4558266023315308,0.5342820029342753,0.5512327664284995,0.49750917623130986,0.8142043823456195,5,4,5,4,4,5,310,201,260,61.053787256232766,257,9,5,Great Yarmouth,16378,0.16481835564053537,5,NA,NA,NA,91,9.157693468853779e-4,4
E07000146,King's Lynn and West Norfolk,0.6063699184130961,0.4026607010309564,0.13717132348429087,0.28026495202310076,0.15933283039957233,0.3909910141037557,5,4,3,4,2,4,250,272,260,81.89951081526388,298,10,5,King's Lynn and West Norfolk,43138,0.28415595707820906,5,8,5.2697103635441436e-5,2,131.33333333333334,8.651107846818304e-4,4
E07000147,North Norfolk,0.9970789654908563,0.7768716448324883,0.4931420174700275,0.34578157532288134,0.35421052128177966,0.8352170765693022,5,5,2,4,2,5,290,240,125.5,43.158819801735945,183,6,3,North Norfolk,3679,0.03518823169332007,4,13,1.243400413191522e-4,4,83.66666666666667,8.002397531053128e-4,3
E07000148,Norwich,0.27188066242467657,0.17486663760444776,0.3871149644447742,0.22107289930686977,0.3162881492898091,0.0732058212942035,2,3,3,3,2,2,105,168,24.5,18.79929811423948,65,3,2,Norwich,NA,NA,NA,NA,NA,NA,138.16666666666666,9.78954254849307e-4,5
E07000149,South Norfolk,0.24378253556102733,0.3690176038573432,0.13292157373443314,0.08246049399711629,0.08041038422802987,0.13874341566618606,4,4,2,2,1,3,148,195,125.5,32.90743549647178,125,5,2,South Norfolk,1931,0.013991030090496098,2,5,3.622742125969989e-5,1,86.5,6.267343877928082e-4,1
E07000150,Corby,0.7044317027479112,0.24826690386434552,0.498953268639004,0.15424741382449303,0.4247544981730874,0.3533929597172651,3,1,4,3,3,4,226,184,260,57.98565184131017,250,8,4,Corby,481,0.006791195448063591,1,10,1.4118909455433662e-4,4,52.5,7.412427464102673e-4,2
E07000151,Daventry,0.35143596171433267,0.30537850206454537,0.1921073812792955,0.1921073812792955,0.1921073812792955,0.11189100894843994,3,2,2,2,1,1,27,137,24.5,14.533644168119247,37,2,1,Daventry,386,0.004568912456796553,1,22,2.604043369158657e-4,5,58.333333333333336,6.904660448526743e-4,2
E07000152,East Northamptonshire,0.37868139696247194,0.2023485691738771,0.11223182869319488,0.12763936949267296,0.10263454944306008,0.19379483066493144,4,3,2,3,1,1,57,266,24.5,42.566854011227576,178,6,3,East Northamptonshire,326,0.0034715566630460245,1,6,6.389368091495751e-5,2,66,7.028304900645326e-4,2
E07000153,Kettering,0.2664890122626496,0.21480168955756956,0.13970592821199404,0.2789781367882606,0.2789781367882606,0.2694547554278622,4,3,3,4,2,5,260,180,24.5,20.68911713318035,73,3,2,Kettering,NA,NA,NA,11,1.0862480990658266e-4,3,90.66666666666667,8.95331766502742e-4,4
E07000154,Northampton,0.09978196604121675,0.22018208535560785,0.16150667379810152,0.31893268555094306,0.1652649134807028,0.12600933335889178,2,2,3,4,3,4,196,198,24.5,23.851312006399663,87,3,2,Northampton,3343,0.014848142982775621,2,92,4.0862373748589803e-4,5,183.33333333333334,8.142864333958113e-4,3
E07000155,South Northamptonshire,0.20263012825800653,0.08613738312706047,0.12580534593252302,0.3616554072312598,0.34735092744562046,0.10331974615780656,3,2,1,2,1,1,25,138,24.5,14.65958362757818,39,2,1,South Northamptonshire,1269,0.013716694590066476,2,13,1.4051775387774956e-4,4,57,6.161163054639789e-4,1
E07000156,Wellingborough,0.44418210401819236,0.15430609066262627,0.24032718090805666,0.43801584947042604,0.28774844677308914,0.22973421310895698,3,3,3,4,3,3,176,283,24.5,51.2374206812369,232,8,4,Wellingborough,213,0.0026799869146178815,1,13,1.6356727647902564e-4,4,68.5,8.618737260625581e-4,4
E07000163,Craven,0.8199351180950687,0.8013942756490042,0.327960433706733,0.22053865131578948,0.16296790725758653,0.5385217557195353,5,5,2,2,1,4,241,204,125.5,34.62425328926169,129,5,3,Craven,4270,0.07513372747747747,5,NA,NA,NA,46.666666666666664,8.211336336336336e-4,4
E07000164,Hambleton,0.6347318523446677,0.4087991020741002,0.14759584787236377,0.19369280400289685,0.17176846586807396,0.2582209770921477,5,4,2,2,1,2,70,282,260,87.25657466684842,303,10,5,Hambleton,2942,0.032282134000482805,4,8,8.778282529023197e-5,3,54.333333333333336,5.961916884294922e-4,1
E07000165,Harrogate,0.46773165510813153,0.663720313941026,0.09043452944746234,0.06481533391888272,0.0945461615204875,0.15365494617109385,4,5,2,1,1,2,99,140,125.5,24.52782779101969,89,3,2,Harrogate,2032,0.012657833591847158,2,25,0.00015573122037213533,4,113,7.039051160820516e-4,2
E07000166,Richmondshire,0.570263414904175,0.5822338271868538,0.4426321819310503,0.21234119782214156,0.16280801592667718,0.3850580643630713,4,3,2,2,1,1,43,154,24.5,16.77446169623237,53,2,1,Richmondshire,2288,0.04297197806325596,4,NA,NA,NA,38.66666666666667,7.262164124909224e-4,2
E07000167,Ryedale,0.6439315559474067,0.2639513454977575,0.5437773124544792,0.3141073619043968,0.5507084946525089,0.22301505539157435,5,3,3,3,2,2,114,132,260,50.54452645870472,229,8,4,Ryedale,3339,0.060797523670793885,4,NA,NA,NA,43.333333333333336,7.890264627336733e-4,3
E07000168,Scarborough,0.8829269732969859,0.5295288588875809,0.3968062434171804,0.1753187101158576,0.2753302058486416,0.7509298958752827,5,5,4,3,3,5,267,146,260,52.323161751109296,237,8,4,Scarborough,996,0.009159799882283695,1,NA,NA,NA,101.33333333333333,9.319207376888365e-4,5
E07000169,Selby,0.4033731262706628,0.12314655992212703,0.17467250713815716,0.2167731926611357,0.14709447175274393,0.09535653574040143,4,2,2,2,1,2,83,162,260,54.54003732557859,243,8,4,Selby,15135,0.1698538818934752,5,13,1.4589365474827735e-4,4,54.16666666666667,6.078902281178223e-4,1
E07000170,Ashfield,0.5368208499715836,0.06489803462025466,0.33392934385101175,0.46503914326480444,0.2946335873344126,0.12427066616608762,4,2,4,4,3,5,273,293,125.5,68.06923862387828,273,9,5,Ashfield,1704,0.013401388899812034,2,NA,NA,NA,91,7.156845011049854e-4,2
E07000171,Bassetlaw,0.6346286004898327,0.3797692821565979,0.30742654872359215,0.21521218356704072,0.07023436658902196,0.4856976379101967,5,4,4,2,2,3,183,262,260,77.55748460297185,292,10,5,Bassetlaw,3875,0.03316529583443884,4,NA,NA,NA,106.5,9.115107113207063e-4,4
E07000172,Broxtowe,0.2436106056776237,0.34638571431226556,0.05529168726604986,0.21699811538876143,0.2884402611692024,0.14902368216607623,4,3,2,4,2,3,154,311,125.5,93.1214815023887,307,10,5,Broxtowe,10333,0.09122289709725263,5,5,4.414153541916802e-5,1,93.5,8.25446712338442e-4,4
E07000173,Gedling,0.2505951694732731,0.5797398404063748,0.17705964519060882,0.24574308268250983,0.3094217479157116,0.3610326980152229,3,4,3,4,2,2,125,306,125.5,83.07470469055218,299,10,5,Gedling,8279,0.07028848929414362,4,NA,NA,NA,84,7.131577606846315e-4,2
E07000174,Mansfield,0.2537376346665029,0.35393966766587087,0.5910433326450607,0.4922371552128914,0.47463315633282543,0.5163296871003042,4,3,5,4,3,4,207,288,125.5,64.17850887135963,268,9,5,Mansfield,NA,NA,NA,NA,NA,NA,83,7.625802776527228e-4,3
E07000175,Newark and Sherwood,0.3612720012607403,0.20611881178688293,0.33667780205164705,0.23607882051508514,0.273211779263073,0.23557171023407683,4,3,3,3,2,3,129,254,260,74.59174923748768,285,10,5,Newark and Sherwood,5501,0.045251139298817106,4,24,1.9742362173634075e-4,5,79.16666666666667,6.512237522552908e-4,1
E07000176,Rushcliffe,0.17108810067677543,0.3785939074556222,0.06659244843674313,0.16441834481419873,0.07799220753313542,0.08011319696441774,3,4,1,2,1,2,80,274,24.5,46.245286119018026,200,7,4,Rushcliffe,19210,0.16325177826312345,5,13,1.1047751782512259e-4,4,58,4.928996949120854e-4,1
E07000177,Cherwell,0.19162928506428412,0.1577092608163768,0.09079740400605632,0.13742545585677643,0.1448719839636366,0.15798977720647311,2,2,2,2,1,1,14,188,125.5,31.655453867817307,117,4,2,Cherwell,1931,0.012945743190244099,2,6,4.022499178739751e-5,1,120.33333333333333,8.067345575139167e-4,3
E07000178,Oxford,0.07950002267911642,0.09906238052965456,0.13542754226926898,0.06891254148317329,0.07594400543207468,0.03818515230646614,1,2,2,3,2,1,17,130,24.5,13.670863792972936,32,2,1,Oxford,5203,0.033714126497631655,4,29,1.879126789220292e-4,5,125,8.099684436294362e-4,3
E07000179,South Oxfordshire,0.35935356401166324,0.3597873033020974,0.10051573733057233,0.074379227263056,0.06069166039850522,0.1407554982514077,3,3,1,1,1,2,95,297,24.5,62.12399290663398,260,9,5,South Oxfordshire,1621,0.011537038091442237,2,10,7.117235096509707e-5,3,95.66666666666667,6.808821575660954e-4,2
E07000180,Vale of White Horse,0.5631324117205345,0.20572740138564638,0.11660217528537042,0.07449974576017707,0.1647202889675659,0.18068017417395668,3,3,1,1,1,1,40,212,125.5,36.26593330546939,135,5,3,Vale of White Horse,1464,0.010947267669667693,2,5,3.738820925432956e-5,1,90.83333333333333,6.792191347869869e-4,2
E07000181,West Oxfordshire,0.30936734253666953,0.43769542709232095,0.1136796088582111,0.1830524877768191,0.1161733294986099,0.10953547119164028,3,4,1,1,1,2,97,308,125.5,86.5854965678291,302,10,5,West Oxfordshire,1024,0.009326047358834244,2,NA,NA,NA,72.66666666666667,6.618093503339405e-4,1
E07000187,Mendip,0.6317251627427741,0.6913757668690577,0.32498679411510034,0.1867809893899362,0.2782738339306715,0.5087650882675391,5,5,3,2,2,3,137,255,125.5,47.92605543263899,212,7,4,Mendip,1781,0.015502998755233676,2,11,9.575125564714791e-5,3,85.33333333333333,7.427976195657535e-4,2
E07000188,Sedgemoor,0.45274317207372905,0.309235290260001,0.3132188455437116,0.17801823294952612,0.2410792579089244,0.3459218038009815,5,4,4,3,2,4,243,275,260,83.37982271454541,300,10,5,Sedgemoor,56469,0.45987898135856864,5,21,1.7102230619507944e-4,4,93,7.573844988639232e-4,3
E07000189,South Somerset,0.6569680616073638,0.550954408080119,0.22565390098762791,0.19156151753377404,0.18195502607263717,0.5609649305706883,5,4,3,3,2,4,231,286,260,89.80569005101621,304,10,5,South Somerset,1792,0.010675499371503803,2,29,1.7276198759688075e-4,4,147,8.757245578186714e-4,4
E07000192,Cannock Chase,0.493857563676645,0.1977354946266464,0.38605062587043276,0.3548334420744546,0.3088080833996207,0.16609295867504417,4,2,4,4,3,4,248,213,260,63.49579545783356,266,9,5,Cannock Chase,NA,NA,NA,5,4.9945559340319054e-5,2,73.16666666666667,7.308700183466688e-4,2
E07000193,East Staffordshire,0.2663330161134108,0.20405764821079972,0.33780694800404454,0.6105205898515073,0.37731678552056763,0.40041078056519,3,2,3,5,4,4,217,226,125.5,39.455120361908,151,5,3,East Staffordshire,14032,0.11833960227368563,5,15,1.265032806517449e-4,4,96,8.096209961711674e-4,3
E07000194,Lichfield,0.3510840945966127,0.18324074144385635,0.24276310094237177,0.27649132931882436,0.2267148103992487,0.45671779723439315,4,3,2,4,2,2,113,253,260,74.24654195956744,284,9,5,Lichfield,1959,0.018842879815322466,3,12,1.1542345981820806e-4,4,81,7.791083537729043e-4,3
E07000195,Newcastle-under-Lyme,0.444072515252143,0.3860041417544943,0.3192372505903728,0.17082497734025387,0.32492362751035436,0.33002656169344513,4,3,3,3,2,4,236,294,260,95.9492575984379,309,10,5,Newcastle-under-Lyme,1572,0.012139933585605066,2,NA,NA,NA,98,7.568151980847942e-4,3
E07000196,South Staffordshire,0.25405974200077536,0.337035520190162,0.16458753638998233,0.4347756095820772,0.22212787869286146,0.26628740974674164,4,4,2,4,3,5,254,312,125.5,95.79024589786026,308,10,5,South Staffordshire,978,0.008722330235627776,1,4,3.5674152292956137e-5,1,79.16666666666667,7.060509307980902e-4,2
E07000197,Stafford,0.16756516973180668,0.1716320321336163,0.11751264660768788,0.38586099577026167,0.28376905706273337,0.2087351068280061,4,3,2,4,2,2,92,258,125.5,49.010686546158944,218,7,4,Stafford,1377,0.010133941713276421,2,6,4.4156608772446274e-5,1,109.5,8.058581100971445e-4,3
E07000198,Staffordshire Moorlands,0.6871406541598668,0.39674364269770734,0.2995286013747745,0.07830523288311636,0.07830523288311636,0.3678309351536712,5,3,2,3,2,4,192,302,125.5,77.3407859814689,291,10,5,Staffordshire Moorlands,253,0.0025712166021321786,1,NA,NA,NA,79.16666666666667,8.045638247778557e-4,3
E07000199,Tamworth,0.3652907030219331,0.11712616395837137,0.32430797415301993,0.7104239739388639,0.48692989548913357,0.4588468386595483,3,1,4,5,4,4,193,289,260,91.92193714032621,306,10,5,Tamworth,4844,0.06317327003834215,4,NA,NA,NA,74.33333333333333,9.694219115435109e-4,5
E07000200,Babergh,0.5564607723398166,0.8149595852630889,0.23326878261725803,0.16817289802771937,0.15820076251613047,0.337002877430225,4,5,2,3,2,4,249,269,125.5,53.49257854071781,239,8,4,Babergh,687,0.007516329143007188,1,6,6.56447960087964e-5,2,56.666666666666664,6.19978628971966e-4,1
E07000202,Ipswich,0.358240876381688,0.3280352553357917,0.4244775187248288,0.41920745334674264,0.34804016902477813,0.2014735135325444,3,3,4,4,3,4,201,129,260,50.18064833919807,227,8,4,Ipswich,2493,0.01812669051566181,3,17,1.2360759677747723e-4,4,109.16666666666667,7.937546655808588e-4,3
E07000203,Mid Suffolk,0.3339113531245009,0.3127924782539706,0.06220912647693013,0.15477362510507778,0.06220912647693013,0.10273713172709611,4,4,2,2,1,2,85,249,260,72.91530379308816,281,9,5,Mid Suffolk,940,0.009171358043963978,1,9,8.781087488901681e-5,3,56.333333333333336,5.496310317127348e-4,1
E07000207,Elmbridge,0.07145052918185411,0.1913144373383505,0.10013467422013379,0.07145052918185411,0.1715852034019879,0.14821483465811777,1,3,1,2,1,1,10,144,24.5,15.430054972942955,43,2,1,Elmbridge,5890,0.043110388945003145,4,44,3.220470481460337e-4,5,91.33333333333333,6.684915999394941e-4,1
E07000208,Epsom and Ewell,0.3406653817383013,0.13819937944149735,0.08714092683415074,0.3771671807258111,0.25408818594629906,0.13819937944149735,2,2,1,2,1,1,5,234,125.5,41.4980058243531,170,6,3,Epsom and Ewell,NA,NA,NA,13,1.6264638174356922e-4,4,72.16666666666667,9.028959396790446e-4,4
E07000209,Guildford,0.07487523537389884,0.059755627531459396,0.04431025972181839,0.2001532087899495,0.04431025972181839,0.056298980992501135,2,2,1,2,1,1,3,291,24.5,56.81888407252638,248,8,4,Guildford,1423,0.009622081425934315,2,NA,NA,NA,107.83333333333333,7.291504664534436e-4,2
E07000210,Mole Valley,0.39741136935722915,0.4562469575770883,0.08518904794104501,0.09920304353884378,0.09555334245783736,0.1264110357840207,3,4,1,1,1,2,72,235,24.5,32.152335578941305,120,4,2,Mole Valley,1468,0.016824636402186743,3,34,3.8967141530950225e-4,5,80,9.168739183752994e-4,5
E07000211,Reigate and Banstead,0.2501490355964968,0.28878847310822925,0.16325314358603724,0.29024782154768336,0.14050133166725023,0.09271663324882996,2,3,1,2,1,1,52,161,125.5,27.378882070386332,103,4,2,Reigate and Banstead,1684,0.011397091169961491,2,27,1.8273245937586714e-4,5,114.66666666666667,7.760489632752877e-4,3
E07000212,Runnymede,0.44305224282296646,0.1587345394736842,0.17128298444976073,0.5055468301435406,0.3764958133971292,0.10079551435406699,2,2,1,4,2,1,55,246,24.5,35.334681660710984,132,5,3,Runnymede,12863,0.14617045454545455,5,520,0.005909090909090909,5,63.5,7.215909090909091e-4,2
E07000213,Spelthorne,0.21629645544590126,0.1759795236273582,0.17330086799134867,0.1891322523797968,0.12085417830117,0.1252541929248797,3,2,2,4,2,3,172,224,125.5,38.97154298396494,148,5,3,Spelthorne,8475,0.0853182193408098,5,149,0.00149998993295347,5,101,0.0010167716995187952,5
E07000214,Surrey Heath,0.5009692610354339,0.12742187934900148,0.11551676353157574,0.19391498075927718,0.19724346591211922,0.08699957242838176,2,3,1,2,1,1,21,155,125.5,26.527604999540262,99,4,2,Surrey Heath,516,0.005805972500393816,1,NA,NA,NA,74.5,8.382654094560839e-4,4
E07000215,Tandridge,0.4785588995346554,0.4025231529381192,0.12003225410605235,0.07026606930602541,0.07026606930602541,0.2835397287334639,3,4,1,2,1,1,26,158,125.5,26.94930532142162,100,4,2,Tandridge,2305,0.026344061442808812,3,24,2.7429825363445184e-4,5,55.666666666666664,6.362195605132425e-4,1
E07000216,Waverley,0.29457099878906723,0.2532014925060442,0.09512438248714693,0.05769445107873577,0.05769445107873577,0.06942122442480694,2,3,1,1,1,1,13,247,24.5,35.64706809836345,133,5,3,Waverley,2598,0.02068306663482207,3,33,2.627179364700263e-4,5,81.33333333333333,6.475068333200647e-4,1
E07000217,Woking,0.21094651730099215,0.2878313502478705,0.3018539694397955,0.30051605656722885,0.19339141169915505,0.11772806089774436,2,2,1,2,1,1,4,148,24.5,15.958425512374468,46,2,1,Woking,1205,0.011910998645803474,2,5,4.9423230895450096e-5,2,82.33333333333334,8.138358687450783e-4,3
E07000218,North Warwickshire,0.36219770320172057,0.16432451406078805,0.43632005031854887,0.8106785293998295,0.6126775960719067,0.33521348861745726,3,2,3,5,4,4,191,214,260,63.71150045832907,267,9,5,North Warwickshire,1205,0.018581341557440248,3,NA,NA,NA,36,5.551272166538165e-4,1
E07000219,Nuneaton and Bedworth,0.4272156162698876,0.3112976075664172,0.5914855961566886,0.5257632277152205,0.5539828298772874,0.4167041628523995,4,2,4,5,4,4,206,202,260,61.24767198801659,258,9,5,Nuneaton and Bedworth,2727,0.021155606584847404,3,NA,NA,NA,87.66666666666667,6.801032308782383e-4,2
E07000220,Rugby,0.11424385005837916,0.34081009541971613,0.07066626863443849,0.38240268750313006,0.11316540694049058,0.19929159428601168,2,2,3,4,3,2,109,192,125.5,32.36250634315113,122,4,2,Rugby,1045,0.00974867996343079,2,7,6.530216243446462e-5,2,60.833333333333336,5.675068878233235e-4,1
E07000221,Stratford-on-Avon,0.36452857237151504,0.47443399806932285,0.13803161690085064,0.41195406803574225,0.20954973556323792,0.25318526662321267,4,5,2,3,2,2,115,151,125.5,25.977102068692965,97,4,2,Stratford-on-Avon,2982,0.02337356952500392,3,15,1.1757328734911428e-4,4,68,5.32998902649318e-4,1
E07000222,Warwick,0.2476855018993822,0.33046018832770147,0.13960644149887927,0.35171182655411726,0.28077058328986887,0.10329036021034309,3,3,1,4,2,1,38,173,125.5,29.182220326510816,109,4,2,Warwick,2841,0.019939080879256617,3,11,7.720165071165885e-5,3,75,5.263748912158558e-4,1
E07000223,Adur,0.6092624211894246,0.3925472863451588,0.3760343334341427,0.13053453985996008,0.25654073181042447,0.46776695884915753,5,4,3,2,1,4,198,142,125.5,24.7846302267262,91,3,2,Adur,6594,0.10324257464497644,5,6,9.394228812099767e-5,3,62.833333333333336,9.837845172671145e-4,5
E07000224,Arun,0.6125990832851178,0.6067766035183436,0.2814949914595156,0.16177193893528954,0.23754449300938216,0.4901702432860794,5,5,3,2,2,5,272,215,125.5,36.91308625616376,136,5,3,Arun,7100,0.044423032403786596,4,25,1.5641912818234715e-4,4,148.5,9.291296214031422e-4,5
E07000225,Chichester,0.22294540699575022,0.5734157785768769,0.22935079001852457,0.18719675275144382,0.21771870981802333,0.2685143075079002,4,5,2,2,1,3,160,231,125.5,40.71050834587888,162,6,3,Chichester,3873,0.032074534161490684,4,31,2.567287784679089e-4,5,100.5,8.322981366459628e-4,4
E07000226,Crawley,0.4130849955441392,0.26266707137614953,0.2906324186337357,0.16418763386304405,0.2451886064763502,0.1406562191085283,2,1,3,3,2,3,141,183,125.5,30.801149285882246,116,4,2,Crawley,2714,0.024135600455321572,3,10,8.892999430848036e-5,3,84.83333333333333,7.54422785050275e-4,3
E07000227,Horsham,0.24581643766771535,0.3478180674972975,0.20674391950329427,0.13033057710548332,0.1669215279985404,0.08114741630932418,3,4,1,1,1,2,90,171,24.5,19.257395761544363,68,3,2,Horsham,522,0.003670447274235851,1,10,7.031508188191285e-5,3,109.16666666666667,7.676063105442153e-4,3
E07000228,Mid Sussex,0.202754126760702,0.31829166731116176,0.11510459803895376,0.08593603890031794,0.0894901364126606,0.2269861112478222,3,4,1,1,1,1,37,242,24.5,34.12591076887108,127,5,3,Mid Sussex,301,0.0020104731625210396,1,11,7.347244115525395e-5,3,99.66666666666667,6.657048456188161e-4,1
E07000229,Worthing,0.6360411628936007,0.6170173525155765,0.3969592078355398,0.07225630538513975,0.2279231275188653,0.3708514332866932,5,5,3,1,1,3,140,172,125.5,29.026422609056965,108,4,2,Worthing,2374,0.021576914337650535,3,10,9.088843444671665e-5,3,124,0.0011270165871392866,5
E07000234,Bromsgrove,0.32382069457765955,0.2841813464150331,0.1499982396037935,0.18259816342664853,0.16208103903918641,0.1701332513237646,4,3,2,3,2,2,82,166,125.5,28.113168723786075,105,4,2,Bromsgrove,NA,NA,NA,5,5.0678072611542435e-5,2,71.5,7.246964383450569e-4,2
E07000235,Malvern Hills,0.8572346944069555,0.7314353295192456,0.08231664383649329,0.19567805614942455,0.0868427790508622,0.6686856490630645,5,5,2,3,2,4,216,194,125.5,32.724354161148355,124,4,2,Malvern Hills,1030,0.013186025373497369,2,40,5.120786552814512e-4,5,57.833333333333336,7.403803890944316e-4,2
E07000236,Redditch,0.32920405798645147,0.08258715833813787,0.3923257251247994,0.40187476274019357,0.2631759466085704,0.1831439176958504,3,1,4,4,3,5,303,199,260,60.67085317280463,255,9,5,Redditch,367,0.004318205885467531,1,5,5.883114285378108e-5,2,60.666666666666664,7.13817866625877e-4,2
E07000237,Worcester,0.3043340432422883,0.23288844787179697,0.14144526994533374,0.4638564482478438,0.20963441841100575,0.1188744783512205,3,2,3,4,3,2,108,280,125.5,59.06452517050665,254,9,5,Worcester,563,0.005525512557536976,1,37,3.631331520939043e-4,5,90.5,8.882040612026577e-4,4
E07000238,Wychavon,0.5468896778620023,0.18298907607482662,0.10901521413869208,0.12823689996941465,0.09172350441834128,0.23556996189232307,5,2,2,3,2,2,102,219,125.5,37.80529435286532,140,5,3,Wychavon,1211,0.009509973299827234,2,NA,NA,NA,85.5,6.714308151405685e-4,2
E07000239,Wyre Forest,0.8924101046882112,0.3641129103656015,0.1548143192974818,0.6551325450036403,0.5230181524837801,0.7750014581981463,5,3,3,5,4,4,235,245,260,71.6569200029592,278,9,5,Wyre Forest,2879,0.02848746314143793,3,17,1.6821357186677484e-4,4,87.83333333333333,8.691034546450034e-4,4
E07000240,St Albans,0.1640996690459975,0.18085202352641186,0.18641361857685135,0.18690631755370457,0.17177851973885097,0.07229755718304468,1,1,1,2,1,1,24,273,24.5,45.75200017506858,197,7,4,St Albans,1019,0.006914428015986646,1,NA,NA,NA,106.33333333333333,7.215252002288976e-4,2
E07000241,Welwyn Hatfield,0.11196878963576473,0.11193772420068142,0.1727497605238717,0.22640622011908204,0.26638679189460135,0.11694067423785703,2,2,2,3,2,1,58,230,125.5,40.45388912641441,158,6,3,Welwyn Hatfield,1061,0.008643866195232431,1,22,1.7923190979746793e-4,5,97,7.902497841070177e-4,3
E07000242,East Hertfordshire,0.10202200074982364,0.1601766349975746,0.06018777574231653,0.20768203212869957,0.16932258230736016,0.08302100750001332,2,2,1,2,1,1,8,216,125.5,37.13291459812133,137,5,3,East Hertfordshire,4864,0.03284156510583708,4,6,4.051179906147665e-5,1,104.33333333333333,7.044551725690107e-4,2
E07000243,Stevenage,0.201720179496991,0.36135002992816045,0.5309208577086905,0.15903794458912052,0.1641910760103303,0.20095485226044577,2,2,3,3,2,3,189,233,125.5,41.23249946137656,168,6,3,Stevenage,NA,NA,NA,NA,NA,NA,70,7.976844360371037e-4,3
E07000244,East Suffolk,0.616134044956136,0.5187799558634996,0.20837078688608698,0.09456634266401878,0.15927272511406734,0.4903362837524548,5,5,3,3,2,4,233,314,260,129.3027794567113,315,10,5,East Suffolk,3659,0.014739233592078922,2,33,1.3293104906766996e-4,4,157.66666666666666,6.351150122122009e-4,1
E07000245,West Suffolk,0.20223782997164533,0.28065354532960607,0.2154400058374591,0.24408821918952883,0.22077524929098702,0.27491503466432693,4,3,2,4,2,2,110,315,260,133.4003740044479,316,10,5,West Suffolk,2927,0.016362833392031574,3,12,6.708370369128079e-5,2,126,7.043788887584483e-4,2
E07000246,Somerset West and Taunton,0.43223874909610344,0.353686085021348,0.2805089630279799,0.18195083623686228,0.24953635323148574,0.39486056561861416,5,4,3,3,2,3,134,313,125.5,98.80982707225894,311,10,5,Somerset West and Taunton,6930,0.04503918994449716,4,53,3.4445556523208506e-4,5,132.5,8.611389130802127e-4,4
E08000001,Bolton,0.23172608679935405,0.1375140721215595,0.46113375929626854,0.5064718295676115,0.5101379307673751,0.3400334152946809,3,2,4,4,4,5,311,64,260,43.447763857602965,185,6,3,Bolton,1277,0.004474860883338239,1,15,5.256297043858542e-5,2,309.6666666666667,0.0010851333230543524,5
E08000002,Bury,0.1164469669871862,0.30540419960731463,0.31849307540423005,0.3385752336898804,0.325542558634261,0.267789860168126,3,3,4,4,3,5,282,91,125.5,18.99372365421828,66,3,2,Bury,3454,0.01816861994234856,3,33,1.7358554085046394e-4,4,187,9.83651398152629e-4,5
E08000003,Manchester,0.01948537676384223,0.0818668498237323,0.5571798630127902,0.38778336733810265,0.4997523525665231,0.2820597731091072,2,1,5,4,4,5,263,41,125.5,14.453759487928453,36,2,1,Manchester,5546,0.010127331194407873,2,16,2.921696702317453e-5,1,668.6666666666666,0.0012210257468435023,5
E08000004,Oldham,0.2742561768498607,0.1923913133312649,0.5987647752196472,0.5471423462592003,0.5247369068831409,0.3541839919568213,3,2,5,4,4,5,261,44,260,41.71845737106055,171,6,3,Oldham,514,0.002181450877036622,1,NA,NA,NA,252.83333333333334,0.0010730418224593242,5
E08000005,Rochdale,0.5355848382507352,0.12407064417649775,0.610274367173929,0.48872532636813376,0.5800099951698784,0.4010212154538053,4,3,5,4,4,5,308,30,260,40.58093031245026,160,6,3,Rochdale,1549,0.007040877086922332,1,11,4.999977272830578e-5,2,235,0.0010681769628319872,5
E08000006,Salford,0.1044810428834578,0.2648916411102597,0.5714333089492386,0.6276120599484624,0.652977149013851,0.43556977064607366,3,2,5,5,4,5,278,14,125.5,12.330102957366611,17,1,1,Salford,4947,0.01944514323448948,3,29,1.1399012609666363e-4,4,305.8333333333333,0.0012021372493527457,5
E08000007,Stockport,0.19845441467605265,0.19247529413886869,0.17783172866619465,0.18135423384096433,0.18192697148577897,0.11957527655141623,4,3,3,3,2,2,111,60,24.5,6.460905514784079,5,1,1,Stockport,2229,0.007639448204952447,1,10,3.427298432010967e-5,1,306.5,0.0010504669694113614,5
E08000008,Tameside,0.39456500425475427,0.1366774424170837,0.5479039989080905,0.5799010597271208,0.5550722840796934,0.48484447418318877,4,2,5,5,4,5,312,48,260,42.05407310567293,173,6,3,Tameside,209,9.280763065227334e-4,1,12,5.3286677886472736e-5,2,235.33333333333334,0.0010450109607736042,5
E08000009,Trafford,0.19049260414648753,0.23085850016588622,0.23319968915816636,0.19803252260617274,0.12747662562930998,0.08040802443982784,3,2,3,2,2,2,89,117,125.5,21.76394807099213,79,3,2,Trafford,1156,0.004890637559758006,1,5,2.115327664255193e-5,1,219,9.265135169437746e-4,5
E08000010,Wigan,0.4462025910990769,0.0941200163598073,0.45322305635288634,0.11814503737447689,0.28173668651277856,0.3452758796785885,4,2,5,3,3,5,289,96,260,46.51734534951071,203,7,4,Wigan,6483,0.01988113638036358,3,16,4.906650965383578e-5,2,298.3333333333333,9.148859612538128e-4,4
E08000011,Knowsley,0.49430819512226015,0.13044190595629818,0.7582523033419439,0.5433035323129413,0.7073885171238865,0.6820969727807494,4,2,5,5,5,5,316,2,260,38.46190243940242,142,5,3,Knowsley,NA,NA,NA,4,2.67431520816201e-5,1,170.5,0.0011399268574790568,5
E08000012,Liverpool,0.21757390283600447,0.10992865368018136,0.6241051342418299,0.43191301760810497,0.6005642524261642,0.48553728216429226,3,2,5,4,4,5,291,9,125.5,11.957477799563042,14,1,1,Liverpool,2117,0.004278375308701856,1,9,1.8188652705865233e-5,1,571.5,0.0011549794468224423,5
E08000013,St. Helens,0.8050491664403637,0.35133659521340826,0.663010800276299,0.21206374814341475,0.45039910188191457,0.6199150319021342,5,3,5,3,4,5,301,40,260,41.38766858698452,169,6,3,St. Helens,1402,0.007786769157284961,1,14,7.775661070042044e-5,3,169.33333333333334,9.404847199003235e-4,5
E08000014,Sefton,0.810060651417939,0.3475093186385767,0.4032149971982928,0.11196489495318127,0.25412456779940235,0.4745690798551521,5,4,4,1,3,5,276,27,260,40.34432533948864,157,6,3,Sefton,12442,0.045178579209574576,4,11,3.994248282473238e-5,1,316.3333333333333,0.00114864897577791,5
E08000015,Wirral,0.6101188478644752,0.3269369767636875,0.5000697064951115,0.10581718694155222,0.3056866724796119,0.46115745184577295,5,4,5,1,3,4,251,33,260,40.81999460297751,164,6,3,Wirral,9988,0.030900119108388635,4,11,3.4030968181044753e-5,1,319.6666666666667,9.889605601703612e-4,5
E08000016,Barnsley,0.6122725343818479,0.15426003068184574,0.6796131112409018,0.06079005430819778,0.45758067400034474,0.3068825192684524,4,2,5,2,3,5,274,61,260,43.1799326833038,184,6,3,Barnsley,336,0.0013703155396229186,1,6,2.446992035040926e-5,1,159.83333333333334,6.518514893345134e-4,1
E08000017,Doncaster,0.45576761546620187,0.13620308669155354,0.5671635822461848,0.1995409299665881,0.4429902693050419,0.3860623056665951,4,3,5,4,4,5,299,70,260,43.99296835116244,186,6,3,Doncaster,47030,0.15144489312234738,5,NA,NA,NA,252.83333333333334,8.141679171684775e-4,3
E08000018,Rotherham,0.4897969753511261,0.311770074426065,0.5535334334642672,0.1385980887095379,0.34440288230730937,0.46098439194320495,4,3,5,3,4,5,284,57,260,42.82760800512795,181,6,3,Rotherham,NA,NA,NA,5,1.8891378352747372e-5,1,208.5,7.877704773095655e-4,3
E08000019,Sheffield,0.27665172457225196,0.2367494113907478,0.3405061425163544,0.22718931560135727,0.3514685504933584,0.40707459168706095,3,3,3,3,3,4,213,66,125.5,16.611905158067977,50,2,1,Sheffield,2677,0.004595660817227633,1,16,2.746752823146886e-5,1,478.6666666666667,8.217368862581101e-4,4
E08000021,Newcastle upon Tyne,0.18491864262716778,0.21261818594307857,0.4323903295461,0.25180108644808197,0.34623243515990604,0.2742529792816062,3,2,4,3,3,4,190,25,125.5,13.171768827579061,28,1,1,Newcastle upon Tyne,325,0.0010826260176684567,1,NA,NA,NA,266.1666666666667,8.866429488289874e-4,4
E08000022,North Tyneside,0.5235848420234993,0.29852933849296637,0.3549234550804031,0.04298873321128391,0.16829780655975204,0.31859224547520704,5,3,4,2,3,4,204,35,24.5,4.35032379685518,1,1,1,North Tyneside,938,0.004553729640507804,1,37,1.7962472995606475e-4,5,179.66666666666666,8.722317968136838e-4,4
E08000023,South Tyneside,0.9201500331869836,0.2615957247459313,0.7212586535716725,0.1108293243340274,0.5001954617018705,0.5881463449659987,5,3,5,3,3,5,304,10,260,39.047682795462336,149,5,3,South Tyneside,NA,NA,NA,6,3.9929457957608227e-5,1,128,8.518284364289754e-4,4
E08000024,Sunderland,0.5724632004679256,0.22812627883199962,0.6438588934044379,0.04976591386366296,0.36338345295501373,0.47641966122441937,5,3,5,2,4,5,294,22,260,39.95531352349301,155,5,3,Sunderland,814,0.002934210953185998,1,10,3.604681760670759e-5,1,252.66666666666666,9.107829248628118e-4,4
E08000025,Birmingham,0.10864832994913885,0.08275189192564124,0.415730717169786,0.8582643260159293,0.752859293872307,0.4180122816885613,2,2,4,5,5,5,314,50,260,42.22373550731461,174,6,3,Birmingham,14501,0.012704862735615144,2,121,1.0601257782286963e-4,3,1109.8333333333333,9.723660547141719e-4,5
E08000026,Coventry,0.169041098937209,0.06494764966999884,0.2458717390009779,0.8470998426584339,0.5849520477721424,0.29406774225256005,2,2,3,5,4,5,295,95,260,46.41495361972491,202,7,4,Coventry,2502,0.006821434900554821,1,NA,NA,NA,278.1666666666667,7.583916099804154e-4,3
E08000027,Dudley,0.505179358012467,0.17894067099657346,0.37003034688390835,0.7566501813721643,0.5684759780784103,0.7265108191311274,5,2,4,5,4,5,293,87,260,45.61182704517858,196,7,4,Dudley,NA,NA,NA,19,5.925907443563529e-5,2,273.3333333333333,8.524989655652796e-4,4
E08000028,Sandwell,0.08402107848291256,0.023315121647565936,0.6718391600117166,0.9888955419632415,0.9427117405889409,0.7735499379278613,3,2,5,5,5,5,317,36,260,41.06156987377136,166,6,3,Sandwell,755,0.0023062026159363183,1,20,6.109146002480314e-5,2,281.1666666666667,8.588441088486908e-4,4
E08000029,Solihull,0.43915396504420107,0.22094090742446434,0.19945293858771557,0.5939108988847421,0.36844086517892155,0.3494264279789414,3,3,3,5,4,4,252,100,125.5,19.915371007332716,70,3,2,Solihull,140,6.514385158369356e-4,1,22,1.0236890963151846e-4,3,159,7.398480287005198e-4,2
E08000030,Walsall,0.29926357429968004,0.12150611736378897,0.5968774086760068,0.9222934607336825,0.8326450796054071,0.8045253113657748,4,2,5,5,5,5,307,31,260,40.66034263364268,161,6,3,Walsall,3675,0.01296854378250958,2,17,5.999054266739126e-5,2,253.66666666666666,8.951529994095048e-4,4
E08000031,Wolverhampton,0.10834697293292772,0.28402180166455343,0.5450904572620523,0.8440366023375743,0.790175520956371,0.7363604506250513,3,3,5,5,5,5,313,20,260,39.801532571435736,153,5,3,Wolverhampton,2452,0.009358492870446704,2,9,3.43500961802693e-5,1,255.83333333333334,9.764332895687664e-4,5
E08000032,Bradford,0.10331911105380438,0.19448024536249078,0.4345517424701069,0.4290948755409288,0.4327958492642819,0.28501222824715783,3,2,4,4,4,5,262,73,260,44.27049489013831,189,7,3,Bradford,4562,0.008492608526489604,1,27,5.0263136829289635e-5,2,465.1666666666667,8.659531783367122e-4,4
E08000033,Calderdale,0.41788929285256526,0.16062467337315403,0.3462026356625658,0.2678496967850649,0.2565054672887128,0.1960356707831879,3,3,4,3,3,3,186,81,260,45.0273665344421,193,7,4,Calderdale,8854,0.04214544796793633,4,77,3.665235479479441e-4,5,169.5,8.068278100932017e-4,3
E08000034,Kirklees,0.10542716109394487,0.10359257099457485,0.3599240170094986,0.4852813516809938,0.4437673805782351,0.3072981003772517,3,2,4,4,4,4,208,103,260,47.247142064977766,207,7,4,Kirklees,5085,0.011590351175104336,2,NA,NA,NA,294.5,6.712602597970948e-4,2
E08000035,Leeds,0.11926542843244599,0.15458220665641148,0.22121984748463555,0.305578379567268,0.26817009039068906,0.14703957788779304,3,2,3,4,3,4,222,97,125.5,19.604033592658606,69,3,2,Leeds,10196,0.012919510285177028,2,25,3.1677889086840495e-5,1,646.6666666666666,8.194013977129408e-4,4
E08000036,Wakefield,0.4234526342026096,0.07209163231753878,0.43793801811608235,0.2381501076464194,0.379505026296112,0.21988798487794325,4,2,4,3,3,5,296,71,260,44.08510561581164,188,6,3,Wakefield,5999,0.01738649076333621,3,12,3.4778777989670704e-5,1,231.16666666666666,6.699745148843509e-4,1
E08000037,Gateshead,0.657559025608345,0.24440526326185422,0.5499853806945119,0.26761005153272693,0.46754648029499546,0.4187981397486051,5,3,5,3,3,5,269,18,125.5,12.632611638592355,23,1,1,Gateshead,NA,NA,NA,31,1.5308037213344658e-4,4,174.33333333333334,8.608713400622857e-4,4
E09000001,City of London,1,1,1,1,1,1,1,1,1,5,2,1,18,NA,NA,NA,NA,NA,NA,City of London,385,0.04422237537330577,4,NA,NA,NA,5,5.743165632896852e-4,1
E09000002,Barking and Dagenham,0.2575537579550154,0.031066330814441646,0.5923168962368562,0.8915372960320876,0.7533975121910287,0.4304686340139256,1,1,4,5,4,5,288,84,260,45.31774035014623,194,7,4,Barking and Dagenham,22136,0.10441607939697545,5,19,8.962348701402844e-5,3,190.33333333333334,8.978072120177235e-4,4
E09000003,Barnet,0.19253285614965654,0.2084933213970306,0.09335476320218611,0.3130508706611226,0.10745614482475377,0.1155381737993681,1,3,2,4,2,2,96,105,125.5,20.4438191770597,72,3,2,Barnet,6161,0.015711225582700057,2,66,1.683072372112001e-4,4,322,8.211353088182792e-4,4
E09000004,Bexley,0.20483648871347251,0.08280696361907931,0.19633097923285756,0.5034164931494952,0.2606450602843567,0.08021540253500391,2,2,2,5,3,3,157,115,260,48.55475869829047,216,7,4,Bexley,27872,0.11272436078913524,5,NA,NA,NA,178,7.198958173244142e-4,2
E09000005,Brent,0.16843709850511646,0.047515833068819055,0.16679655312043315,0.6691497675854262,0.31946740746574637,0.06473453506345558,1,1,3,5,4,2,120,52,125.5,15.378497396878966,42,2,1,Brent,6086,0.018398101543251864,3,22,6.650644659078886e-5,2,299.6666666666667,9.058984164411998e-4,4
E09000006,Bromley,0.12699863324740923,0.1955333673299396,0.10994364172324642,0.17538338379837043,0.11491616996437985,0.13489880657923348,2,2,2,3,2,2,93,118,125.5,21.877456862582694,80,3,2,Bromley,6240,0.01884649769251214,3,26,7.852707371880058e-5,3,241.16666666666666,7.283889466096439e-4,2
E09000007,Camden,0.2337749940087839,0.1019589369876607,0.18581718581842016,0.21197492560655792,0.1552510550360938,0.037959622615606384,1,2,2,4,2,1,39,7,125.5,11.810101806603146,13,1,1,Camden,NA,NA,NA,48,1.8304821032239367e-4,5,257.6666666666667,9.826129623556272e-4,5
E09000008,Croydon,0.06388209693707937,0.06678012815277151,0.20406250076827742,0.5866439443212621,0.49006280616708914,0.20664480752362813,1,2,3,4,3,3,174,69,125.5,16.88503735852646,54,2,1,Croydon,10517,0.02729235544160313,3,51,1.3234859061726344e-4,4,372.6666666666667,9.670962373209185e-4,5
E09000009,Ealing,0.06135380624834363,0.08267182575629557,0.24645054418068785,0.5076244163666355,0.3489430730272354,0.17954023588191315,1,1,3,5,3,3,167,74,125.5,17.347591567679366,56,2,1,Ealing,3662,0.010708165926861647,2,34,9.942043733295904e-5,3,285.8333333333333,8.358139707158076e-4,4
E09000010,Enfield,0.2128695055466917,0.09758062215073009,0.38143929284587036,0.546371465265844,0.3980948799489746,0.1371104109380436,1,2,3,5,3,3,169,98,260,46.723506526628924,205,7,4,Enfield,9660,0.028933503859298108,3,27,8.087004184275869e-5,3,273.5,8.191835719997963e-4,3
E09000011,Greenwich,0.08778920738702507,0.17695945441444594,0.34793690485429607,0.5142929956851764,0.34732685809412867,0.08793967081401238,1,1,3,5,3,3,143,29,125.5,13.485629881067528,31,1,1,Greenwich,65746,0.22973171294193287,5,29,1.0133269971277421e-4,3,256,8.945231422920757e-4,4
E09000012,Hackney,0.02382850910911269,0.03716044666221899,0.2890650844478403,0.5116515059841332,0.33269323165780107,0.09658091871195518,1,1,3,5,3,2,91,11,260,39.121965574571796,150,5,3,Hackney,4331,0.015486385496933831,2,13,4.648418643734468e-5,1,295.3333333333333,0.0010560253636791638,5
E09000013,Hammersmith and Fulham,0.13197831224486203,0.052163496063403356,0.2759980857734707,0.10852286371013659,0.12911087527042991,0.09288341440790396,1,1,3,4,2,1,28,23,125.5,13.016429946110208,26,1,1,Hammersmith and Fulham,112898,0.6088574417827057,5,6,3.2357921758545185e-5,1,194.83333333333334,0.001050733625992759,5
E09000014,Haringey,0.07128430862318974,0.02274742816601632,0.18783244804988702,0.4867231696103507,0.33873161753265746,0.10925931220166414,1,1,3,5,3,2,94,39,125.5,14.289548078028318,35,2,1,Haringey,290,0.0010715974932008986,1,17,6.28177840841906e-5,2,260.8333333333333,9.638218832525323e-4,5
E09000015,Harrow,0.04315339636524,0.09670456407980843,0.22845985897668145,0.44916001641968756,0.3043772437942775,0.08485913974218733,2,2,2,4,2,2,64,86,260,45.513379743633706,195,7,4,Harrow,3052,0.012200728365893927,2,11,4.3973791620194364e-5,1,187.83333333333334,7.50885805393319e-4,3
E09000016,Havering,0.18104485351309307,0.14519987179461008,0.11438864606533981,0.40403818397473457,0.36848913622639273,0.062402656791313064,2,2,2,4,2,4,227,112,260,48.22081920507805,213,7,4,Havering,4216,0.016353128272759008,3,63,2.4436600597339125e-4,5,193.33333333333334,7.499062617172854e-4,3
E09000017,Hillingdon,0.02485696664304648,0.07707840382785165,0.22026119990551923,0.49300980583100923,0.3623056169081865,0.20200245836423986,1,1,2,5,3,3,159,120,260,49.1223303047347,219,7,4,Hillingdon,2333,0.00765359682964596,1,18,5.905046846704984e-5,2,240.66666666666666,7.89526633948333e-4,3
E09000018,Hounslow,0.24209900448175634,0.050807204008351634,0.20722766303754153,0.8300411692606482,0.5715556386590261,0.18415709432602415,1,1,3,5,4,4,229,114,125.5,21.426744590624956,78,3,2,Hounslow,28348,0.10468938112577646,5,10,3.6930076592978854e-5,1,222,8.198477003641306e-4,4
E09000019,Islington,0.13318615145636878,0.07085510524687161,0.23502456589324378,0.3705243504299801,0.2543724296817262,0.0567900859608187,1,1,3,4,3,1,59,6,125.5,11.736766429286552,12,1,1,Islington,NA,NA,NA,52,2.1744402907059404e-4,5,230.66666666666666,9.645594110054556e-4,5
E09000020,Kensington and Chelsea,0.04980889517724412,0.04980889517724412,0.15030085152252065,0.3712358179262827,0.18435422137294233,0.12812283610811312,1,2,1,4,3,1,41,3,260,38.534314276915794,144,5,3,Kensington and Chelsea,4911,0.031441064809183274,4,59,3.7772812538012894e-4,5,182,0.0011651952342234485,5
E09000021,Kingston upon Thames,0.22560484173332973,0.17763108403595756,0.1226911332871416,0.10559806294673253,0.10308881710173877,0.07095987318270029,1,2,1,3,2,1,32,92,24.5,9.480046587333366,9,1,1,Kingston upon Thames,6428,0.03663304268535932,4,13,7.408673847381318e-5,3,128.5,7.323189149142303e-4,2
E09000022,Lambeth,0.052566555934567126,0.03334041456793245,0.2145162402503834,0.3950475120966381,0.26378496753209524,0.15755667046647168,1,1,3,4,2,2,68,15,125.5,12.40535793716547,19,1,1,Lambeth,43119,0.1323005550492917,5,47,1.4420849480082352e-4,4,329,0.0010094594636057648,5
E09000023,Lewisham,0.0835762826363785,0.13446718537157823,0.23761808189230652,0.6551744577596275,0.48443491659014176,0.24258986708244437,1,1,3,5,4,3,132,21,125.5,12.862133168093925,25,1,1,Lewisham,34948,0.11513626060829688,5,40,1.3178008539349532e-4,4,300.6666666666667,9.905469752077734e-4,5
E09000024,Merton,0.0498350492937649,0.03967873667465298,0.2545803559075684,0.38046420273570053,0.3050529874150422,0.06685056211381955,1,1,2,4,2,1,49,102,125.5,20.12529553955749,71,3,2,Merton,1840,0.008923981259639354,1,19,9.214980648540639e-5,3,165.16666666666666,8.01056651114366e-4,3
E09000025,Newham,0.19301030412995027,0.022340591752958053,0.2327598516468441,0.8855494277518486,0.6519728487708383,0.23908118829053712,1,1,3,5,4,4,212,72,125.5,17.161452109730458,55,2,1,Newham,98852,0.280825556455164,5,18,5.1135637277879573e-5,2,279.6666666666667,7.944962902989068e-4,3
E09000026,Redbridge,0.11295166959913061,0.08117262876599908,0.13431814237329,0.7911618082684744,0.47323368845073405,0.11335295641904754,1,1,2,5,3,3,158,116,260,48.667158068805854,217,7,4,Redbridge,4535,0.014924734579968275,2,18,5.9238196789289736e-5,2,225.33333333333334,7.415744635103678e-4,2
E09000027,Richmond upon Thames,0.19670101059132208,0.06411796718464996,0.1071620795172427,0.1789131813098341,0.11718371442562446,0.13758362343819164,1,2,1,3,1,1,9,49,24.5,5.508309131991192,3,1,1,Richmond upon Thames,28084,0.14262787957583392,5,26,1.3204404176654614e-4,4,142.66666666666666,7.245493573856634e-4,2
E09000028,Southwark,0.24175936119328503,0.06403361953753435,0.26258388543603506,0.49035387162019584,0.27755781318224826,0.05041619220340737,1,1,3,4,3,2,77,5,260,38.679825493143206,146,5,3,Southwark,178219,0.5617513931966613,5,70,2.206420051945432e-4,5,336.8333333333333,0.0010617083154718376,5
E09000029,Sutton,0.1611258950456449,0.13197910434318286,0.19057380708831115,0.19617843655710598,0.15418239952650234,0.07543118522378553,2,2,2,4,2,1,54,78,260,44.74061301464661,190,7,4,Sutton,1808,0.008839995110622173,1,10,4.889377826671556e-5,2,149.66666666666666,7.317768813918428e-4,2
E09000030,Tower Hamlets,0.11804033698921293,0.02914024015989676,0.37697674688286636,0.4872767521012127,0.44452235150284225,0.10765562061462179,1,1,3,4,3,2,66,13,125.5,12.255093405711843,16,1,1,Tower Hamlets,83506,0.2628413150564203,5,36,1.1331266426401851e-4,4,268.8333333333333,8.461728123049159e-4,4
E09000031,Waltham Forest,0.029660281893747743,0.06077573088847887,0.14709347954273105,0.7487718600802693,0.40479008236166847,0.0433460901983908,1,1,3,5,3,3,181,67,125.5,16.702589309558405,52,2,1,Waltham Forest,3925,0.014185037947235272,2,28,1.0119262739428984e-4,3,211.66666666666666,7.649680761354054e-4,3
E09000032,Wandsworth,0.06916479687428966,0.027269246555621577,0.06850776865281122,0.2231801323422869,0.13282286846087202,0.031833791552031386,1,1,1,4,2,1,23,122,125.5,22.337178213577236,81,3,2,Wandsworth,64048,0.1961810128831086,5,25,7.657577632522038e-5,3,285,8.729638501075124e-4,4
E09000033,Westminster,0.22167425661017703,0.0424088608983096,0.1554109371044757,0.3924746802617768,0.21901363303921784,0.11511372753215934,1,1,1,4,3,1,44,46,125.5,14.869491726469917,40,2,1,Westminster,49135,0.19244176027322146,5,121,4.739076624210807e-4,5,241.5,9.458570287164544e-4,5
